COD_MUNICIPIO,MUNICIPIO,POBLACION_TOTAL,PROP_ENVEJECIMIENTO,EMPRESAS,SERVICIOS_SANIDAD,ESCUELAS,DISTANCIA_CAPITAL,POBLACION_2030_PROY,VAR_2024_2030,VAR_2024_2030_PCT,VAR_2024_2030_PCT_PCT,PROP_ENVEJECIMIENTO_PCT,EMPRESAS_PCT,SERVICIOS_SANIDAD_PCT,ESCUELAS_PCT,DISTANCIA_CAPITAL_PCT,DIM_DEMOGRAFICA,DIM_ECONOMICA,DIM_SERVICIOS,DIM_ACCESIBILIDAD,DIM_DINAMICA_FUTURA,INDICE_VULNERABILIDAD,NIVEL_VULNERABILIDAD
42001,42001 ABEJAR,386,0.248041775456919,23.0,1.0,0.0,27.4,291,-95,-24.61139896373057,0.08791208791208792,0.11538461538461539,0.10989010989010994,0.6785714285714286,0.554945054945055,0.17857142857142858,0.11538461538461539,0.10989010989010994,0.6167582417582418,0.17857142857142858,0.08791208791208792,0.22170329670329672,Baja
42003,42003 ADRADAS,58,0.328125,8.0,2.0,0.0,54.3,74,16,27.586206896551722,0.6868131868131868,0.3269230769230769,0.28296703296703296,0.3296703296703297,0.554945054945055,0.6153846153846154,0.3269230769230769,0.28296703296703296,0.44230769230769235,0.6153846153846154,0.6868131868131868,0.47087912087912087,Media
42004,42004 AGREDA,3094,0.2567260940032415,186.0,2.0,3.0,57.1,3179,85,2.7472527472527473,0.38461538461538464,0.13186813186813187,0.02197802197802201,0.3296703296703297,0.038461538461538436,0.6868131868131868,0.13186813186813187,0.02197802197802201,0.18406593406593408,0.6868131868131868,0.38461538461538464,0.28186813186813187,Baja
42006,42006 ALCONABA,199,0.2985074626865671,11.0,4.0,0.0,13.0,407,208,104.52261306532664,0.9340659340659341,0.21428571428571427,0.19780219780219777,0.11813186813186816,0.554945054945055,0.027472527472527472,0.21428571428571427,0.19780219780219777,0.33653846153846156,0.027472527472527472,0.9340659340659341,0.34203296703296704,Baja
42007,42007 ALCUBILLA DE AVELLANEDA,107,0.5188679245283019,5.0,4.0,0.0,78.9,160,53,49.532710280373834,0.8186813186813187,0.8626373626373627,0.3626373626373627,0.11813186813186816,0.554945054945055,0.9368131868131868,0.8626373626373627,0.3626373626373627,0.33653846153846156,0.9368131868131868,0.8186813186813187,0.6634615384615385,Alta
42008,42008 ALCUBILLA DE LAS PEÑAS,59,0.3220338983050847,8.0,3.0,0.0,68.5,79,20,33.89830508474576,0.7472527472527473,0.3021978021978022,0.28296703296703296,0.18956043956043955,0.554945054945055,0.8186813186813187,0.3021978021978022,0.28296703296703296,0.37225274725274726,0.8186813186813187,0.7472527472527473,0.5046703296703297,Media
42009,42009 ALDEALAFUENTE,83,0.3720930232558139,4.0,2.0,0.0,25.1,94,11,13.253012048192772,0.532967032967033,0.47802197802197804,0.40934065934065933,0.3296703296703297,0.554945054945055,0.14285714285714285,0.47802197802197804,0.40934065934065933,0.44230769230769235,0.14285714285714285,0.532967032967033,0.4010989010989011,Baja
42010,42010 ALDEALICES,20,0.5,0.0,1.0,0.0,26.8,18,-2,-10.0,0.1978021978021978,0.8324175824175825,0.717032967032967,0.6785714285714286,0.554945054945055,0.17032967032967034,0.8324175824175825,0.717032967032967,0.6167582417582418,0.17032967032967034,0.1978021978021978,0.5068681318681318,Media
42011,42011 ALDEALPOZO,18,0.3333333333333333,0.0,1.0,0.0,29.2,28,10,55.55555555555556,0.8516483516483516,0.34615384615384615,0.717032967032967,0.6785714285714286,0.554945054945055,0.2032967032967033,0.34615384615384615,0.717032967032967,0.6167582417582418,0.2032967032967033,0.8516483516483516,0.546978021978022,Media
42012,42012 ALDEALSEÑOR,28,0.3571428571428571,0.0,1.0,0.0,23.9,30,2,7.142857142857142,0.4423076923076923,0.43956043956043955,0.717032967032967,0.6785714285714286,0.554945054945055,0.12087912087912088,0.43956043956043955,0.717032967032967,0.6167582417582418,0.12087912087912088,0.4423076923076923,0.4673076923076923,Media
42013,42013 ALDEHUELA DE PERIAÑEZ,30,0.4,0.0,0.0,0.0,21.6,39,9,30.0,0.7060439560439561,0.5659340659340659,0.717032967032967,0.9615384615384616,0.554945054945055,0.07692307692307693,0.5659340659340659,0.717032967032967,0.7582417582417582,0.07692307692307693,0.7060439560439561,0.5648351648351648,Media
42014,42014 ALDEHUELAS (LAS),60,0.0,0.0,3.0,0.0,34.5,77,17,28.333333333333332,0.6978021978021978,0.01098901098901099,0.717032967032967,0.18956043956043955,0.554945054945055,0.27197802197802196,0.01098901098901099,0.717032967032967,0.37225274725274726,0.27197802197802196,0.6978021978021978,0.41401098901098904,Baja
42015,42015 ALENTISQUE,24,0.0,0.0,2.0,0.0,56.5,50,26,108.33333333333333,0.9395604395604396,0.01098901098901099,0.717032967032967,0.3296703296703297,0.554945054945055,0.6730769230769231,0.01098901098901099,0.717032967032967,0.44230769230769235,0.6730769230769231,0.9395604395604396,0.5565934065934066,Media
42016,42016 ALIUD,21,0.0,0.0,0.0,0.0,32.1,12,-9,-42.857142857142854,0.027472527472527472,0.01098901098901099,0.717032967032967,0.9615384615384616,0.554945054945055,0.24725274725274726,0.01098901098901099,0.717032967032967,0.7582417582417582,0.24725274725274726,0.027472527472527472,0.35219780219780217,Baja
42017,42017 ALMAJANO,182,0.2346368715083799,16.0,2.0,0.0,19.9,253,71,39.010989010989015,0.7967032967032966,0.0989010989010989,0.13186813186813184,0.3296703296703297,0.554945054945055,0.07142857142857142,0.0989010989010989,0.13186813186813184,0.44230769230769235,0.07142857142857142,0.7967032967032966,0.3082417582417582,Baja
42018,42018 ALMALUEZ,124,0.496,5.0,4.0,0.0,72.7,151,27,21.774193548387096,0.6043956043956044,0.8241758241758241,0.3626373626373627,0.11813186813186816,0.554945054945055,0.8956043956043956,0.8241758241758241,0.3626373626373627,0.33653846153846156,0.8956043956043956,0.6043956043956044,0.6046703296703296,Alta
42019,42019 ALMARZA,626,0.3025477707006369,39.0,8.0,2.0,23.3,604,-22,-3.5143769968051117,0.29120879120879123,0.23076923076923078,0.08241758241758246,0.0357142857142857,0.06868131868131866,0.1043956043956044,0.23076923076923078,0.08241758241758246,0.05219780219780218,0.1043956043956044,0.29120879120879123,0.1521978021978022,Baja
42020,42020 ALMAZAN,5476,0.2505028341561529,338.0,4.0,8.0,35.9,5310,-166,-3.031409788166545,0.3021978021978022,0.12637362637362637,0.0,0.11813186813186816,0.0,0.2967032967032967,0.12637362637362637,0.0,0.05906593406593408,0.2967032967032967,0.3021978021978022,0.15686813186813187,Baja
42021,42021 ALMAZUL,60,0.5081967213114754,0.0,2.0,0.0,47.6,88,28,46.666666666666664,0.8131868131868132,0.8434065934065934,0.717032967032967,0.3296703296703297,0.554945054945055,0.4945054945054945,0.8434065934065934,0.717032967032967,0.44230769230769235,0.4945054945054945,0.8131868131868132,0.6620879120879121,Alta
42022,42022 ALMENAR DE SORIA,216,0.319634703196347,10.0,4.0,0.0,31.2,178,-38,-17.59259259259259,0.12637362637362637,0.2967032967032967,0.23351648351648346,0.11813186813186816,0.554945054945055,0.22527472527472528,0.2967032967032967,0.23351648351648346,0.33653846153846156,0.22527472527472528,0.12637362637362637,0.24368131868131865,Baja
42023,42023 ALPANSEQUE,51,0.4313725490196078,0.0,2.0,0.0,66.9,68,17,33.33333333333333,0.7417582417582418,0.6703296703296703,0.717032967032967,0.3296703296703297,0.554945054945055,0.8076923076923077,0.6703296703296703,0.717032967032967,0.44230769230769235,0.8076923076923077,0.7417582417582418,0.6758241758241759,Alta
42024,42024 ARANCON,76,0.4473684210526316,0.0,4.0,0.0,23.8,95,19,25.0,0.6373626373626373,0.7087912087912088,0.717032967032967,0.11813186813186816,0.554945054945055,0.10989010989010989,0.7087912087912088,0.717032967032967,0.33653846153846156,0.10989010989010989,0.6373626373626373,0.5019230769230769,Media
42025,42025 ARCOS DE JALON,1545,0.2849740932642487,101.0,13.0,3.0,92.5,1588,43,2.7831715210355985,0.3901098901098901,0.16483516483516483,0.04395604395604391,0.008241758241758212,0.038461538461538436,0.9835164835164835,0.16483516483516483,0.04395604395604391,0.023351648351648324,0.9835164835164835,0.3901098901098901,0.3211538461538461,Baja
42026,42026 ARENILLAS,42,0.3571428571428571,0.0,1.0,0.0,74.0,36,-6,-14.285714285714285,0.16483516483516483,0.43956043956043955,0.717032967032967,0.6785714285714286,0.554945054945055,0.9038461538461539,0.43956043956043955,0.717032967032967,0.6167582417582418,0.9038461538461539,0.16483516483516483,0.5684065934065934,Media
42027,42027 AREVALO DE LA SIERRA,70,0.3571428571428571,0.0,3.0,0.0,29.8,87,17,24.285714285714285,0.6318681318681318,0.43956043956043955,0.717032967032967,0.18956043956043955,0.554945054945055,0.21428571428571427,0.43956043956043955,0.717032967032967,0.37225274725274726,0.21428571428571427,0.6318681318681318,0.475,Media
42028,42028 AUSEJO DE LA SIERRA,115,0.188034188034188,9.0,2.0,0.0,19.5,118,3,2.608695652173913,0.3626373626373626,0.04395604395604396,0.2637362637362637,0.3296703296703297,0.554945054945055,0.06593406593406594,0.04395604395604396,0.2637362637362637,0.44230769230769235,0.06593406593406594,0.3626373626373626,0.2357142857142857,Baja
42029,42029 BARAONA,122,0.3983739837398374,6.0,4.0,0.0,63.6,169,47,38.52459016393443,0.7912087912087912,0.554945054945055,0.33241758241758246,0.11813186813186816,0.554945054945055,0.7692307692307693,0.554945054945055,0.33241758241758246,0.33653846153846156,0.7692307692307693,0.7912087912087912,0.5568681318681319,Media
42030,42030 BARCA,107,0.4299065420560747,5.0,2.0,0.0,48.7,128,21,19.626168224299064,0.5824175824175825,0.6648351648351648,0.3626373626373627,0.3296703296703297,0.554945054945055,0.5164835164835165,0.6648351648351648,0.3626373626373627,0.44230769230769235,0.5164835164835165,0.5824175824175825,0.5137362637362638,Media
42031,42031 BARCONES,25,0.36,0.0,1.0,0.0,82.4,33,8,32.0,0.728021978021978,0.45604395604395603,0.717032967032967,0.6785714285714286,0.554945054945055,0.9505494505494505,0.45604395604395603,0.717032967032967,0.6167582417582418,0.9505494505494505,0.728021978021978,0.6936813186813187,Alta
42032,42032 BAYUBAS DE ABAJO,144,0.5205479452054794,5.0,2.0,0.0,56.2,161,17,11.805555555555555,0.5164835164835165,0.8736263736263736,0.3626373626373627,0.3296703296703297,0.554945054945055,0.6648351648351648,0.8736263736263736,0.3626373626373627,0.44230769230769235,0.6648351648351648,0.5164835164835165,0.5719780219780219,Media
42033,42033 BAYUBAS DE ARRIBA,60,0.4166666666666667,0.0,1.0,0.0,53.3,69,9,15.0,0.5494505494505495,0.6043956043956044,0.717032967032967,0.6785714285714286,0.554945054945055,0.5989010989010989,0.6043956043956044,0.717032967032967,0.6167582417582418,0.5989010989010989,0.5494505494505495,0.6173076923076923,Alta
42034,42034 BERATON,41,0.3414634146341463,0.0,1.0,0.0,70.4,45,4,9.75609756097561,0.4945054945054945,0.3791208791208791,0.717032967032967,0.6785714285714286,0.554945054945055,0.8351648351648352,0.3791208791208791,0.717032967032967,0.6167582417582418,0.8351648351648352,0.4945054945054945,0.6085164835164836,Alta
42035,42035 BERLANGA DE DUERO,831,0.3369304556354916,58.0,7.0,1.0,52.6,850,19,2.286401925391095,0.3516483516483517,0.35714285714285715,0.0714285714285714,0.04395604395604391,0.09615384615384615,0.5796703296703297,0.35714285714285715,0.0714285714285714,0.07005494505494503,0.5796703296703297,0.3516483516483517,0.28598901098901097,Baja
42036,42036 BLACOS,38,0.5263157894736842,0.0,1.0,0.0,35.8,47,9,23.684210526315788,0.6208791208791209,0.8928571428571429,0.717032967032967,0.6785714285714286,0.554945054945055,0.29120879120879123,0.8928571428571429,0.717032967032967,0.6167582417582418,0.29120879120879123,0.6208791208791209,0.6277472527472527,Alta
42037,42037 BLIECOS,26,0.4230769230769231,0.0,1.0,0.0,40.8,35,9,34.61538461538461,0.7527472527472527,0.6236263736263736,0.717032967032967,0.6785714285714286,0.554945054945055,0.3791208791208791,0.6236263736263736,0.717032967032967,0.6167582417582418,0.3791208791208791,0.7527472527472527,0.6178571428571429,Alta
42038,42038 BORJABAD,30,0.6,0.0,1.0,0.0,35.7,38,8,26.666666666666668,0.6648351648351648,0.9532967032967034,0.717032967032967,0.6785714285714286,0.554945054945055,0.2857142857142857,0.9532967032967034,0.717032967032967,0.6167582417582418,0.2857142857142857,0.6648351648351648,0.6475274725274726,Alta
42039,42039 BOROBIA,228,0.3552631578947368,11.0,2.0,0.0,62.9,211,-17,-7.456140350877193,0.24725274725274726,0.42857142857142855,0.19780219780219777,0.3296703296703297,0.554945054945055,0.7527472527472527,0.42857142857142855,0.19780219780219777,0.44230769230769235,0.7527472527472527,0.24725274725274726,0.4137362637362637,Baja
42041,42041 BUBEROS,28,0.5357142857142857,0.0,0.0,0.0,36.3,30,2,7.142857142857142,0.4423076923076923,0.9010989010989011,0.717032967032967,0.9615384615384616,0.554945054945055,0.3021978021978022,0.9010989010989011,0.717032967032967,0.7582417582417582,0.3021978021978022,0.4423076923076923,0.6241758241758241,Alta
42042,42042 BUITRAGO,74,0.1891891891891892,4.0,0.0,0.0,13.4,55,-19,-25.675675675675674,0.08241758241758242,0.04945054945054945,0.40934065934065933,0.9615384615384616,0.554945054945055,0.038461538461538464,0.04945054945054945,0.40934065934065933,0.7582417582417582,0.038461538461538464,0.08241758241758242,0.2675824175824176,Baja
42043,42043 BURGO DE OSMA-CIUDAD DE OSMA,5204,0.2581768918134314,315.0,13.0,6.0,56.9,5100,-104,-1.9984627209838586,0.3131868131868132,0.13736263736263737,0.005494505494505475,0.008241758241758212,0.005494505494505475,0.6813186813186813,0.13736263736263737,0.005494505494505475,0.006868131868131844,0.6813186813186813,0.3131868131868132,0.22884615384615384,Baja
42044,42044 CABREJAS DEL CAMPO,53,0.4528301886792453,0.0,1.0,0.0,28.3,59,6,11.320754716981133,0.5054945054945055,0.7142857142857143,0.717032967032967,0.6785714285714286,0.554945054945055,0.19230769230769232,0.7142857142857143,0.717032967032967,0.6167582417582418,0.19230769230769232,0.5054945054945055,0.5491758241758242,Media
42045,42045 CABREJAS DEL PINAR,299,0.3333333333333333,14.0,2.0,0.0,34.1,272,-27,-9.03010033444816,0.21978021978021978,0.34615384615384615,0.1565934065934066,0.3296703296703297,0.554945054945055,0.26373626373626374,0.34615384615384615,0.1565934065934066,0.44230769230769235,0.26373626373626374,0.21978021978021978,0.2857142857142857,Baja
42046,42046 CALATAÑAZOR,43,0.3953488372093023,11.0,2.0,0.0,31.6,192,149,346.51162790697674,0.9945054945054945,0.5494505494505495,0.19780219780219777,0.3296703296703297,0.554945054945055,0.23626373626373626,0.5494505494505495,0.19780219780219777,0.44230769230769235,0.23626373626373626,0.9945054945054945,0.4840659340659341,Media
42048,42048 CALTOJAR,51,0.392156862745098,0.0,3.0,0.0,64.0,69,18,35.294117647058826,0.7582417582417582,0.532967032967033,0.717032967032967,0.18956043956043955,0.554945054945055,0.7747252747252747,0.532967032967033,0.717032967032967,0.37225274725274726,0.7747252747252747,0.7582417582417582,0.631043956043956,Alta
42049,42049 CANDILICHERA,104,0.4711538461538461,0.0,4.0,0.0,24.5,112,8,7.6923076923076925,0.46153846153846156,0.7417582417582418,0.717032967032967,0.11813186813186816,0.554945054945055,0.13186813186813187,0.7417582417582418,0.717032967032967,0.33653846153846156,0.13186813186813187,0.46153846153846156,0.4777472527472528,Media
42050,42050 CAÑAMAQUE,27,0.2962962962962963,0.0,1.0,0.0,67.5,34,7,25.925925925925924,0.6538461538461539,0.2032967032967033,0.717032967032967,0.6785714285714286,0.554945054945055,0.8131868131868132,0.2032967032967033,0.717032967032967,0.6167582417582418,0.8131868131868132,0.6538461538461539,0.6008241758241758,Alta
42051,42051 CARABANTES,22,0.1818181818181818,0.0,1.0,0.0,58.4,25,3,13.636363636363635,0.5439560439560439,0.03021978021978022,0.717032967032967,0.6785714285714286,0.554945054945055,0.7032967032967034,0.03021978021978022,0.717032967032967,0.6167582417582418,0.7032967032967034,0.5439560439560439,0.5222527472527473,Media
42052,42052 CARACENA,14,0.4285714285714285,0.0,0.0,0.0,87.1,31,17,121.42857142857142,0.9560439560439561,0.6510989010989011,0.717032967032967,0.9615384615384616,0.554945054945055,0.967032967032967,0.6510989010989011,0.717032967032967,0.7582417582417582,0.967032967032967,0.9560439560439561,0.8098901098901099,Alta
42053,42053 CARRASCOSA DE ABAJO,18,0.5,0.0,1.0,0.0,81.7,30,12,66.66666666666666,0.8763736263736264,0.8324175824175825,0.717032967032967,0.6785714285714286,0.554945054945055,0.945054945054945,0.8324175824175825,0.717032967032967,0.6167582417582418,0.945054945054945,0.8763736263736264,0.7975274725274726,Alta
42054,42054 CARRASCOSA DE LA SIERRA,19,0.3157894736842105,0.0,1.0,0.0,27.4,19,0,0.0,0.3324175824175824,0.27197802197802196,0.717032967032967,0.6785714285714286,0.554945054945055,0.17857142857142858,0.27197802197802196,0.717032967032967,0.6167582417582418,0.17857142857142858,0.3324175824175824,0.42335164835164835,Baja
42055,42055 CASAREJOS,146,0.4246575342465753,7.0,1.0,1.0,58.0,137,-9,-6.164383561643835,0.26373626373626374,0.6318681318681318,0.31043956043956045,0.6785714285714286,0.09615384615384615,0.6923076923076923,0.6318681318681318,0.31043956043956045,0.3873626373626374,0.6923076923076923,0.26373626373626374,0.45714285714285713,Media
42056,42056 CASTILFRIO DE LA SIERRA,34,0.2941176470588235,0.0,1.0,0.0,26.3,34,0,0.0,0.3324175824175824,0.19230769230769232,0.717032967032967,0.6785714285714286,0.554945054945055,0.15934065934065933,0.19230769230769232,0.717032967032967,0.6167582417582418,0.15934065934065933,0.3324175824175824,0.4035714285714286,Baja
42057,42057 CASTILRUIZ,158,0.4102564102564102,8.0,3.0,0.0,49.7,138,-20,-12.658227848101266,0.17582417582417584,0.5824175824175825,0.28296703296703296,0.18956043956043955,0.554945054945055,0.5384615384615384,0.5824175824175825,0.28296703296703296,0.37225274725274726,0.5384615384615384,0.17582417582417584,0.3903846153846154,Baja
42058,42058 CASTILLEJO DE ROBLEDO,95,0.4736842105263157,6.0,1.0,0.0,98.6,118,23,24.210526315789473,0.6263736263736264,0.75,0.33241758241758246,0.6785714285714286,0.554945054945055,1.0,0.75,0.33241758241758246,0.6167582417582418,1.0,0.6263736263736264,0.6651098901098902,Alta
42059,42059 CENTENERA DE ANDALUZ,21,0.5714285714285714,0.0,1.0,0.0,52.7,38,17,80.95238095238095,0.9065934065934066,0.9285714285714286,0.717032967032967,0.6785714285714286,0.554945054945055,0.5879120879120879,0.9285714285714286,0.717032967032967,0.6167582417582418,0.5879120879120879,0.9065934065934066,0.7513736263736264,Alta
42060,42060 CERBON,30,0.3666666666666666,0.0,1.0,0.0,46.6,23,-7,-23.333333333333332,0.09340659340659341,0.4725274725274725,0.717032967032967,0.6785714285714286,0.554945054945055,0.47527472527472525,0.4725274725274725,0.717032967032967,0.6167582417582418,0.47527472527472525,0.09340659340659341,0.475,Media
42061,42061 CIDONES,314,0.3312101910828025,16.0,5.0,0.0,15.1,294,-20,-6.369426751592357,0.25824175824175827,0.33516483516483514,0.13186813186813184,0.0714285714285714,0.554945054945055,0.04945054945054945,0.33516483516483514,0.13186813186813184,0.3131868131868132,0.04945054945054945,0.25824175824175827,0.21758241758241756,Baja
42062,42062 CIGUDOSA,15,0.2,0.0,1.0,0.0,59.3,14,-1,-6.666666666666667,0.25274725274725274,0.06593406593406594,0.717032967032967,0.6785714285714286,0.554945054945055,0.7142857142857143,0.06593406593406594,0.717032967032967,0.6167582417582418,0.7142857142857143,0.25274725274725274,0.47335164835164834,Media
42063,42063 CIHUELA,39,0.5897435897435898,4.0,1.0,0.0,71.0,86,47,120.51282051282051,0.9505494505494505,0.945054945054945,0.40934065934065933,0.6785714285714286,0.554945054945055,0.8516483516483516,0.945054945054945,0.40934065934065933,0.6167582417582418,0.8516483516483516,0.9505494505494505,0.7546703296703298,Alta
42064,42064 CIRIA,70,0.4788732394366197,0.0,1.0,0.0,52.6,73,3,4.285714285714286,0.41208791208791207,0.7747252747252747,0.717032967032967,0.6785714285714286,0.554945054945055,0.5796703296703297,0.7747252747252747,0.717032967032967,0.6167582417582418,0.5796703296703297,0.41208791208791207,0.6200549450549451,Alta
42065,42065 CIRUJALES DEL RIO,20,0.55,0.0,1.0,0.0,22.1,21,1,5.0,0.4175824175824176,0.9175824175824175,0.717032967032967,0.6785714285714286,0.554945054945055,0.08241758241758242,0.9175824175824175,0.717032967032967,0.6167582417582418,0.08241758241758242,0.4175824175824176,0.5502747252747253,Media
42068,42068 COSCURITA,68,0.4264705882352941,0.0,1.0,0.0,44.6,72,4,5.88235294117647,0.4230769230769231,0.6373626373626373,0.717032967032967,0.6785714285714286,0.554945054945055,0.4258241758241758,0.6373626373626373,0.717032967032967,0.6167582417582418,0.4258241758241758,0.4230769230769231,0.564010989010989,Media
42069,42069 COVALEDA,1574,0.3464217859404686,109.0,1.0,3.0,48.9,1609,35,2.2236340533672174,0.34615384615384615,0.4010989010989011,0.038461538461538436,0.6785714285714286,0.038461538461538436,0.521978021978022,0.4010989010989011,0.038461538461538436,0.3585164835164835,0.521978021978022,0.34615384615384615,0.3332417582417583,Baja
42070,42070 CUBILLA,24,0.3333333333333333,0.0,1.0,0.0,45.9,43,19,79.16666666666666,0.9010989010989011,0.34615384615384615,0.717032967032967,0.6785714285714286,0.554945054945055,0.46703296703296704,0.34615384615384615,0.717032967032967,0.6167582417582418,0.46703296703296704,0.9010989010989011,0.6096153846153846,Alta
42071,42071 CUBO DE LA SOLANA,163,0.4355828220858895,0.0,5.0,0.0,24.6,156,-7,-4.294478527607362,0.27472527472527475,0.6758241758241759,0.717032967032967,0.0714285714285714,0.554945054945055,0.13736263736263737,0.6758241758241759,0.717032967032967,0.3131868131868132,0.13736263736263737,0.27472527472527475,0.4236263736263736,Baja
42073,42073 CUEVA DE AGREDA,69,0.5217391304347826,0.0,1.0,0.0,60.9,53,-16,-23.18840579710145,0.0989010989010989,0.8791208791208791,0.717032967032967,0.6785714285714286,0.554945054945055,0.7307692307692307,0.8791208791208791,0.717032967032967,0.6167582417582418,0.7307692307692307,0.0989010989010989,0.6085164835164836,Alta
42075,42075 DEVANOS,72,0.5138888888888888,0.0,1.0,0.0,63.1,41,-31,-43.05555555555556,0.016483516483516484,0.8516483516483516,0.717032967032967,0.6785714285714286,0.554945054945055,0.7582417582417582,0.8516483516483516,0.717032967032967,0.6167582417582418,0.7582417582417582,0.016483516483516484,0.5920329670329669,Alta
42076,42076 DEZA,165,0.463855421686747,10.0,4.0,0.0,61.2,179,14,8.484848484848486,0.47802197802197804,0.7252747252747253,0.23351648351648346,0.11813186813186816,0.554945054945055,0.7417582417582418,0.7252747252747253,0.23351648351648346,0.33653846153846156,0.7417582417582418,0.47802197802197804,0.503021978021978,Media
42078,42078 DURUELO DE LA SIERRA,1026,0.3485436893203884,71.0,2.0,3.0,71.2,929,-97,-9.4541910331384,0.2032967032967033,0.4065934065934066,0.05769230769230771,0.3296703296703297,0.038461538461538436,0.8653846153846154,0.4065934065934066,0.05769230769230771,0.18406593406593408,0.8653846153846154,0.2032967032967033,0.3434065934065934,Baja
42079,42079 ESCOBOSA DE ALMAZAN,20,0.7,0.0,1.0,0.0,55.5,26,6,30.0,0.7060439560439561,0.989010989010989,0.717032967032967,0.6785714285714286,0.554945054945055,0.6538461538461539,0.989010989010989,0.717032967032967,0.6167582417582418,0.6538461538461539,0.7060439560439561,0.7365384615384616,Alta
42080,42080 ESPEJA DE SAN MARCELINO,151,0.4276315789473684,15.0,5.0,0.0,71.2,206,55,36.423841059602644,0.7802197802197802,0.6428571428571429,0.14560439560439564,0.0714285714285714,0.554945054945055,0.8653846153846154,0.6428571428571429,0.14560439560439564,0.3131868131868132,0.8653846153846154,0.7802197802197802,0.5494505494505495,Media
42081,42081 ESPEJON,128,0.3383458646616541,16.0,2.0,0.0,71.9,193,65,50.78125,0.8241758241758241,0.36813186813186816,0.13186813186813184,0.3296703296703297,0.554945054945055,0.8791208791208791,0.36813186813186816,0.13186813186813184,0.44230769230769235,0.8791208791208791,0.8241758241758241,0.5291208791208791,Media
42082,42082 ESTEPA DE SAN JUAN,13,0.2307692307692307,0.0,0.0,0.0,26.4,12,-1,-7.6923076923076925,0.23626373626373626,0.08516483516483517,0.717032967032967,0.9615384615384616,0.554945054945055,0.16483516483516483,0.08516483516483517,0.717032967032967,0.7582417582417582,0.16483516483516483,0.23626373626373626,0.39230769230769236,Baja
42083,42083 FRECHILLA DE ALMAZAN,21,0.4761904761904761,0.0,0.0,0.0,44.4,63,42,200.0,0.989010989010989,0.7582417582417582,0.717032967032967,0.9615384615384616,0.554945054945055,0.4175824175824176,0.7582417582417582,0.717032967032967,0.7582417582417582,0.4175824175824176,0.989010989010989,0.728021978021978,Alta
42084,42084 FRESNO DE CARACENA,19,0.5263157894736842,0.0,1.0,0.0,78.1,23,4,21.052631578947366,0.5989010989010989,0.8928571428571429,0.717032967032967,0.6785714285714286,0.554945054945055,0.9285714285714286,0.8928571428571429,0.717032967032967,0.6167582417582418,0.9285714285714286,0.5989010989010989,0.7508241758241758,Alta
42085,42085 FUENTEARMEGIL,150,0.6266666666666667,0.0,5.0,0.0,71.4,154,4,2.666666666666667,0.3708791208791209,0.9725274725274725,0.717032967032967,0.0714285714285714,0.554945054945055,0.8736263736263736,0.9725274725274725,0.717032967032967,0.3131868131868132,0.8736263736263736,0.3708791208791209,0.6494505494505495,Alta
42086,42086 FUENTECAMBRON,32,0.28125,0.0,2.0,0.0,86.9,41,9,28.125,0.6923076923076923,0.15384615384615385,0.717032967032967,0.3296703296703297,0.554945054945055,0.9615384615384616,0.15384615384615385,0.717032967032967,0.44230769230769235,0.9615384615384616,0.6923076923076923,0.5934065934065934,Alta
42087,42087 FUENTECANTOS,65,0.2307692307692307,0.0,1.0,0.0,14.8,46,-19,-29.230769230769234,0.054945054945054944,0.08516483516483517,0.717032967032967,0.6785714285714286,0.554945054945055,0.04395604395604396,0.08516483516483517,0.717032967032967,0.6167582417582418,0.04395604395604396,0.054945054945054944,0.3035714285714286,Baja
42088,42088 FUENTELMONGE,61,0.5081967213114754,0.0,1.0,0.0,70.6,45,-16,-26.229508196721312,0.07692307692307693,0.8434065934065934,0.717032967032967,0.6785714285714286,0.554945054945055,0.8406593406593407,0.8434065934065934,0.717032967032967,0.6167582417582418,0.8406593406593407,0.07692307692307693,0.618956043956044,Alta
42089,42089 FUENTELSAZ DE SORIA,64,0.3076923076923077,0.0,0.0,0.0,15.6,33,-31,-48.4375,0.01098901098901099,0.24725274725274726,0.717032967032967,0.9615384615384616,0.554945054945055,0.06043956043956044,0.24725274725274726,0.717032967032967,0.7582417582417582,0.06043956043956044,0.01098901098901099,0.3587912087912088,Baja
42090,42090 FUENTEPINILLA,78,0.4871794871794871,0.0,3.0,0.0,38.3,94,16,20.51282051282051,0.5934065934065934,0.7912087912087912,0.717032967032967,0.18956043956043955,0.554945054945055,0.33516483516483514,0.7912087912087912,0.717032967032967,0.37225274725274726,0.33516483516483514,0.5934065934065934,0.5618131868131868,Media
42092,42092 FUENTES DE MAGAÑA,51,0.4230769230769231,0.0,1.0,0.0,45.8,59,8,15.686274509803921,0.554945054945055,0.6236263736263736,0.717032967032967,0.6785714285714286,0.554945054945055,0.46153846153846156,0.6236263736263736,0.717032967032967,0.6167582417582418,0.46153846153846156,0.554945054945055,0.5947802197802199,Alta
42093,42093 FUENTESTRUN,52,0.3076923076923077,0.0,1.0,0.0,51.3,62,10,19.230769230769234,0.5769230769230769,0.24725274725274726,0.717032967032967,0.6785714285714286,0.554945054945055,0.5494505494505495,0.24725274725274726,0.717032967032967,0.6167582417582418,0.5494505494505495,0.5769230769230769,0.5414835164835164,Media
42094,42094 GARRAY,785,0.1870229007633587,63.0,2.0,1.0,8.8,810,25,3.1847133757961785,0.4065934065934066,0.038461538461538464,0.06593406593406592,0.3296703296703297,0.09615384615384615,0.016483516483516484,0.038461538461538464,0.06593406593406592,0.21291208791208793,0.016483516483516484,0.4065934065934066,0.14807692307692308,Baja
42095,42095 GOLMAYO,3059,0.1139033942558746,208.0,9.0,3.0,4.0,2617,-442,-14.449166394246484,0.15934065934065933,0.02197802197802198,0.01098901098901095,0.02472527472527475,0.038461538461538436,0.005494505494505495,0.02197802197802198,0.01098901098901095,0.03159340659340659,0.005494505494505495,0.15934065934065933,0.04587912087912087,Baja
42096,42096 GOMARA,288,0.3137931034482759,12.0,1.0,1.0,38.7,297,9,3.125,0.4010989010989011,0.26373626373626374,0.18406593406593408,0.6785714285714286,0.09615384615384615,0.34615384615384615,0.26373626373626374,0.18406593406593408,0.3873626373626374,0.34615384615384615,0.4010989010989011,0.3164835164835165,Baja
42097,42097 GORMAZ,26,0.1923076923076923,0.0,1.0,0.0,65.2,33,7,26.923076923076923,0.6703296703296703,0.054945054945054944,0.717032967032967,0.6785714285714286,0.554945054945055,0.7857142857142857,0.054945054945054944,0.717032967032967,0.6167582417582418,0.7857142857142857,0.6703296703296703,0.5689560439560439,Media
42098,42098 HERRERA DE SORIA,11,0.7272727272727273,0.0,1.0,0.0,58.5,15,4,36.36363636363637,0.7692307692307693,0.9945054945054945,0.717032967032967,0.6785714285714286,0.554945054945055,0.7087912087912088,0.9945054945054945,0.717032967032967,0.6167582417582418,0.7087912087912088,0.7692307692307693,0.7612637362637363,Alta
42100,42100 HINOJOSA DEL CAMPO,25,0.6,0.0,1.0,0.0,45.1,33,8,32.0,0.728021978021978,0.9532967032967034,0.717032967032967,0.6785714285714286,0.554945054945055,0.45604395604395603,0.9532967032967034,0.717032967032967,0.6167582417582418,0.45604395604395603,0.728021978021978,0.6942307692307693,Alta
42103,42103 LANGA DE DUERO,716,0.3193863319386332,35.0,6.0,2.0,87.7,711,-5,-0.6983240223463687,0.3241758241758242,0.29120879120879123,0.08791208791208793,0.052197802197802234,0.06868131868131866,0.9725274725274725,0.29120879120879123,0.08791208791208793,0.06043956043956045,0.9725274725274725,0.3241758241758242,0.34725274725274724,Baja
42105,42105 LICERAS,49,0.4285714285714285,6.0,1.0,0.0,93.8,54,5,10.204081632653061,0.5,0.6510989010989011,0.33241758241758246,0.6785714285714286,0.554945054945055,0.989010989010989,0.6510989010989011,0.33241758241758246,0.6167582417582418,0.989010989010989,0.5,0.6178571428571429,Alta
42106,42106 LOSILLA (LA),13,0.3846153846153846,0.0,1.0,0.0,25.9,18,5,38.46153846153847,0.7857142857142857,0.5164835164835165,0.717032967032967,0.6785714285714286,0.554945054945055,0.15384615384615385,0.5164835164835165,0.717032967032967,0.6167582417582418,0.15384615384615385,0.7857142857142857,0.557967032967033,Media
42107,42107 MAGAÑA,64,0.3492063492063492,10.0,3.0,0.0,38.1,98,34,53.125,0.8351648351648352,0.41208791208791207,0.23351648351648346,0.18956043956043955,0.554945054945055,0.32967032967032966,0.41208791208791207,0.23351648351648346,0.37225274725274726,0.32967032967032966,0.8351648351648352,0.4365384615384615,Media
42108,42108 MAJAN,9,0.5555555555555556,0.0,1.0,0.0,60.8,21,12,133.33333333333331,0.9697802197802198,0.9230769230769231,0.717032967032967,0.6785714285714286,0.554945054945055,0.7225274725274725,0.9230769230769231,0.717032967032967,0.6167582417582418,0.7225274725274725,0.9697802197802198,0.7898351648351649,Alta
42110,42110 MATALEBRERAS,81,0.2926829268292683,10.0,1.0,0.0,44.9,125,44,54.32098765432099,0.8461538461538461,0.17582417582417584,0.23351648351648346,0.6785714285714286,0.554945054945055,0.44505494505494503,0.17582417582417584,0.23351648351648346,0.6167582417582418,0.44505494505494503,0.8461538461538461,0.4634615384615384,Media
42111,42111 MATAMALA DE ALMAZAN,254,0.4296875,13.0,3.0,0.0,44.7,278,24,9.448818897637794,0.489010989010989,0.6593406593406593,0.17032967032967028,0.18956043956043955,0.554945054945055,0.4340659340659341,0.6593406593406593,0.17032967032967028,0.37225274725274726,0.4340659340659341,0.489010989010989,0.425,Baja
42113,42113 MEDINACELI,671,0.2938530734632684,71.0,12.0,1.0,78.9,779,108,16.095380029806257,0.5604395604395604,0.18681318681318682,0.05769230769230771,0.016483516483516536,0.09615384615384615,0.9368131868131868,0.18681318681318682,0.05769230769230771,0.05631868131868134,0.9368131868131868,0.5604395604395604,0.3596153846153846,Baja
42115,42115 MIÑO DE MEDINACELI,78,0.3461538461538461,7.0,3.0,0.0,75.1,119,41,52.56410256410257,0.8296703296703297,0.3956043956043956,0.31043956043956045,0.18956043956043955,0.554945054945055,0.9120879120879121,0.3956043956043956,0.31043956043956045,0.37225274725274726,0.9120879120879121,0.8296703296703297,0.564010989010989,Media
42116,42116 MIÑO DE SAN ESTEBAN,40,0.375,4.0,1.0,0.0,83.1,58,18,45.0,0.8076923076923077,0.489010989010989,0.40934065934065933,0.6785714285714286,0.554945054945055,0.9560439560439561,0.489010989010989,0.40934065934065933,0.6167582417582418,0.9560439560439561,0.8076923076923077,0.6557692307692309,Alta
42117,42117 MOLINOS DE DUERO,158,0.2830188679245283,10.0,1.0,0.0,38.4,111,-47,-29.746835443037973,0.04945054945054945,0.15934065934065933,0.23351648351648346,0.6785714285714286,0.554945054945055,0.34065934065934067,0.15934065934065933,0.23351648351648346,0.6167582417582418,0.34065934065934067,0.04945054945054945,0.27994505494505495,Baja
42118,42118 MOMBLONA,18,0.6666666666666666,0.0,1.0,0.0,56.1,22,4,22.22222222222222,0.6153846153846154,0.9807692307692307,0.717032967032967,0.6785714285714286,0.554945054945055,0.6593406593406593,0.9807692307692307,0.717032967032967,0.6167582417582418,0.6593406593406593,0.6153846153846154,0.7178571428571429,Alta
42119,42119 MONTEAGUDO DE LAS VICARIAS,177,0.3651685393258427,8.0,2.0,0.0,72.4,112,-65,-36.72316384180791,0.03296703296703297,0.46703296703296704,0.28296703296703296,0.3296703296703297,0.554945054945055,0.8901098901098901,0.46703296703296704,0.28296703296703296,0.44230769230769235,0.8901098901098901,0.03296703296703297,0.423076923076923,Baja
42120,42120 MONTEJO DE TIERMES,140,0.3426573426573426,15.0,4.0,0.0,95.9,171,31,22.142857142857142,0.6098901098901099,0.38461538461538464,0.14560439560439564,0.11813186813186816,0.554945054945055,0.9945054945054945,0.38461538461538464,0.14560439560439564,0.33653846153846156,0.9945054945054945,0.6098901098901099,0.49423076923076925,Media
42121,42121 MONTENEGRO DE CAMEROS,45,0.4888888888888889,0.0,1.0,0.0,63.4,64,19,42.22222222222222,0.8021978021978022,0.804945054945055,0.717032967032967,0.6785714285714286,0.554945054945055,0.7637362637362637,0.804945054945055,0.717032967032967,0.6167582417582418,0.7637362637362637,0.8021978021978022,0.7409340659340659,Alta
42123,42123 MORON DE ALMAZAN,202,0.3432835820895522,10.0,2.0,0.0,49.2,149,-53,-26.237623762376238,0.07142857142857142,0.3901098901098901,0.23351648351648346,0.3296703296703297,0.554945054945055,0.5274725274725275,0.3901098901098901,0.23351648351648346,0.44230769230769235,0.5274725274725275,0.07142857142857142,0.332967032967033,Baja
42124,42124 MURIEL DE LA FUENTE,55,0.4444444444444444,0.0,1.0,0.0,36.6,66,11,20.0,0.5879120879120879,0.695054945054945,0.717032967032967,0.6785714285714286,0.554945054945055,0.3076923076923077,0.695054945054945,0.717032967032967,0.6167582417582418,0.3076923076923077,0.5879120879120879,0.5848901098901099,Media
42125,42125 MURIEL VIEJO,75,0.3066666666666666,0.0,1.0,0.0,40.4,68,-7,-9.333333333333334,0.2087912087912088,0.23626373626373626,0.717032967032967,0.6785714285714286,0.554945054945055,0.3626373626373626,0.23626373626373626,0.717032967032967,0.6167582417582418,0.3626373626373626,0.2087912087912088,0.4282967032967033,Baja
42127,42127 NAFRIA DE UCERO,36,0.4166666666666667,0.0,3.0,0.0,69.7,42,6,16.666666666666664,0.5686813186813187,0.6043956043956044,0.717032967032967,0.18956043956043955,0.554945054945055,0.8296703296703297,0.6043956043956044,0.717032967032967,0.37225274725274726,0.8296703296703297,0.5686813186813187,0.6184065934065934,Alta
42128,42128 NARROS,71,0.3098591549295774,4.0,1.0,0.0,23.9,62,-9,-12.676056338028168,0.17032967032967034,0.25824175824175827,0.40934065934065933,0.6785714285714286,0.554945054945055,0.12087912087912088,0.25824175824175827,0.40934065934065933,0.6167582417582418,0.12087912087912088,0.17032967032967034,0.31510989010989016,Baja
42129,42129 NAVALENO,732,0.2888283378746594,56.0,2.0,2.0,47.1,819,87,11.885245901639344,0.521978021978022,0.17032967032967034,0.07692307692307687,0.3296703296703297,0.06868131868131866,0.4835164835164835,0.17032967032967034,0.07692307692307687,0.1991758241758242,0.4835164835164835,0.521978021978022,0.2903846153846154,Baja
42130,42130 NEPAS,50,0.52,0.0,1.0,0.0,52.2,48,-2,-4.0,0.2802197802197802,0.8681318681318682,0.717032967032967,0.6785714285714286,0.554945054945055,0.5604395604395604,0.8681318681318682,0.717032967032967,0.6167582417582418,0.5604395604395604,0.2802197802197802,0.6085164835164836,Alta
42131,42131 NOLAY,48,0.5833333333333334,0.0,1.0,0.0,39.2,34,-14,-29.166666666666668,0.06043956043956044,0.9395604395604396,0.717032967032967,0.6785714285714286,0.554945054945055,0.3516483516483517,0.9395604395604396,0.717032967032967,0.6167582417582418,0.3516483516483517,0.06043956043956044,0.5370879120879121,Media
42132,42132 NOVIERCAS,172,0.3515151515151515,10.0,2.0,0.0,46.6,114,-58,-33.72093023255814,0.04395604395604396,0.4175824175824176,0.23351648351648346,0.3296703296703297,0.554945054945055,0.47527472527472525,0.4175824175824176,0.23351648351648346,0.44230769230769235,0.47527472527472525,0.04395604395604396,0.3225274725274725,Baja
42134,42134 OLVEGA,3838,0.1934134866701516,187.0,2.0,4.0,50.1,3446,-392,-10.213652944241792,0.19230769230769232,0.06043956043956044,0.016483516483516536,0.3296703296703297,0.013736263736263687,0.5439560439560439,0.06043956043956044,0.016483516483516536,0.1717032967032967,0.5439560439560439,0.19230769230769232,0.196978021978022,Baja
42135,42135 ONCALA,61,0.4918032786885246,0.0,4.0,0.0,32.3,120,59,96.72131147540983,0.9230769230769231,0.8186813186813187,0.717032967032967,0.11813186813186816,0.554945054945055,0.25274725274725274,0.8186813186813187,0.717032967032967,0.33653846153846156,0.25274725274725274,0.9230769230769231,0.6096153846153847,Alta
42139,42139 PINILLA DEL CAMPO,18,0.6111111111111112,0.0,1.0,0.0,44.6,29,11,61.111111111111114,0.8626373626373627,0.9615384615384616,0.717032967032967,0.6785714285714286,0.554945054945055,0.4258241758241758,0.9615384615384616,0.717032967032967,0.6167582417582418,0.4258241758241758,0.8626373626373627,0.7167582417582418,Alta
42140,42140 PORTILLO DE SORIA,12,0.4166666666666667,0.0,0.0,0.0,41.6,28,16,133.33333333333331,0.9697802197802198,0.6043956043956044,0.717032967032967,0.9615384615384616,0.554945054945055,0.3901098901098901,0.6043956043956044,0.717032967032967,0.7582417582417582,0.3901098901098901,0.9697802197802198,0.6879120879120879,Alta
42141,42141 POVEDA DE SORIA (LA),110,0.3577981651376147,4.0,3.0,0.0,31.5,92,-18,-16.363636363636363,0.13186813186813187,0.45054945054945056,0.40934065934065933,0.18956043956043955,0.554945054945055,0.23076923076923078,0.45054945054945056,0.40934065934065933,0.37225274725274726,0.23076923076923078,0.13186813186813187,0.318956043956044,Baja
42142,42142 POZALMURO,46,0.3260869565217391,0.0,1.0,0.0,40.7,36,-10,-21.73913043478261,0.1043956043956044,0.3131868131868132,0.717032967032967,0.6785714285714286,0.554945054945055,0.37362637362637363,0.3131868131868132,0.717032967032967,0.6167582417582418,0.37362637362637363,0.1043956043956044,0.425,Baja
42144,42144 QUINTANA REDONDA,512,0.324853228962818,20.0,9.0,1.0,22.4,292,-220,-42.96875,0.02197802197802198,0.3076923076923077,0.1208791208791209,0.02472527472527475,0.09615384615384615,0.09340659340659341,0.3076923076923077,0.1208791208791209,0.06043956043956045,0.09340659340659341,0.02197802197802198,0.1208791208791209,Baja
42145,42145 QUINTANAS DE GORMAZ,127,0.328125,6.0,1.0,0.0,61.0,120,-7,-5.511811023622047,0.2692307692307692,0.3269230769230769,0.33241758241758246,0.6785714285714286,0.554945054945055,0.7362637362637363,0.3269230769230769,0.33241758241758246,0.6167582417582418,0.7362637362637363,0.2692307692307692,0.45631868131868136,Media
42148,42148 QUIÑONERIA,10,0.3,0.0,1.0,0.0,54.5,17,7,70.0,0.8901098901098901,0.22252747252747251,0.717032967032967,0.6785714285714286,0.554945054945055,0.6263736263736264,0.22252747252747251,0.717032967032967,0.6167582417582418,0.6263736263736264,0.8901098901098901,0.6145604395604395,Alta
42149,42149 RABANOS (LOS),476,0.29375,25.0,5.0,0.0,8.1,488,12,2.5210084033613445,0.35714285714285715,0.1813186813186813,0.10439560439560436,0.0714285714285714,0.554945054945055,0.01098901098901099,0.1813186813186813,0.10439560439560436,0.3131868131868132,0.01098901098901099,0.35714285714285715,0.19340659340659339,Baja
42151,42151 REBOLLAR,36,0.25,0.0,1.0,0.0,22.8,32,-4,-11.11111111111111,0.1813186813186813,0.12087912087912088,0.717032967032967,0.6785714285714286,0.554945054945055,0.0989010989010989,0.12087912087912088,0.717032967032967,0.6167582417582418,0.0989010989010989,0.1813186813186813,0.346978021978022,Baja
42152,42152 RECUERDA,62,0.296875,4.0,4.0,0.0,64.1,116,54,87.09677419354838,0.9120879120879121,0.2087912087912088,0.40934065934065933,0.11813186813186816,0.554945054945055,0.7802197802197802,0.2087912087912088,0.40934065934065933,0.33653846153846156,0.7802197802197802,0.9120879120879121,0.5293956043956044,Media
42153,42153 RELLO,20,0.4210526315789473,0.0,1.0,0.0,75.7,43,23,114.99999999999999,0.945054945054945,0.6153846153846154,0.717032967032967,0.6785714285714286,0.554945054945055,0.9175824175824175,0.6153846153846154,0.717032967032967,0.6167582417582418,0.9175824175824175,0.945054945054945,0.7623626373626374,Alta
42154,42154 RENIEBLAS,110,0.3,0.0,2.0,0.0,15.4,93,-17,-15.454545454545453,0.13736263736263737,0.22252747252747251,0.717032967032967,0.3296703296703297,0.554945054945055,0.054945054945054944,0.22252747252747251,0.717032967032967,0.44230769230769235,0.054945054945054944,0.13736263736263737,0.3148351648351648,Baja
42155,42155 RETORTILLO DE SORIA,130,0.5801526717557252,5.0,8.0,0.0,77.2,171,41,31.538461538461537,0.7197802197802198,0.9340659340659341,0.3626373626373627,0.0357142857142857,0.554945054945055,0.9230769230769231,0.9340659340659341,0.3626373626373627,0.29532967032967034,0.9230769230769231,0.7197802197802198,0.6469780219780221,Alta
42156,42156 REZNOS,22,0.3181818181818182,0.0,1.0,0.0,52.5,42,20,90.9090909090909,0.9175824175824175,0.2857142857142857,0.717032967032967,0.6785714285714286,0.554945054945055,0.5714285714285714,0.2857142857142857,0.717032967032967,0.6167582417582418,0.5714285714285714,0.9175824175824175,0.6217032967032966,Alta
42157,42157 RIBA DE ESCALOTE (LA),8,0.4444444444444444,0.0,1.0,0.0,71.1,37,29,362.5,1.0,0.695054945054945,0.717032967032967,0.6785714285714286,0.554945054945055,0.8571428571428571,0.695054945054945,0.717032967032967,0.6167582417582418,0.8571428571428571,1.0,0.7771978021978022,Alta
42158,42158 RIOSECO DE SORIA,123,0.3385826771653543,8.0,2.0,0.0,37.8,110,-13,-10.569105691056912,0.18681318681318682,0.37362637362637363,0.28296703296703296,0.3296703296703297,0.554945054945055,0.32142857142857145,0.37362637362637363,0.28296703296703296,0.44230769230769235,0.32142857142857145,0.18681318681318682,0.32142857142857145,Baja
42159,42159 ROLLAMIENTA,44,0.4468085106382978,0.0,1.0,0.0,25.3,40,-4,-9.090909090909092,0.21428571428571427,0.7032967032967034,0.717032967032967,0.6785714285714286,0.554945054945055,0.14835164835164835,0.7032967032967034,0.717032967032967,0.6167582417582418,0.14835164835164835,0.21428571428571427,0.479945054945055,Media
42160,42160 ROYO (EL),251,0.3849206349206349,22.0,2.0,0.0,23.9,269,18,7.171314741035857,0.45054945054945056,0.521978021978022,0.11538461538461542,0.3296703296703297,0.554945054945055,0.12087912087912088,0.521978021978022,0.11538461538461542,0.44230769230769235,0.12087912087912088,0.45054945054945056,0.33021978021978027,Baja
42161,42161 SALDUERO,145,0.3918918918918919,13.0,1.0,0.0,39.5,182,37,25.517241379310345,0.6483516483516484,0.5274725274725275,0.17032967032967028,0.6785714285714286,0.554945054945055,0.35714285714285715,0.5274725274725275,0.17032967032967028,0.6167582417582418,0.35714285714285715,0.6483516483516484,0.46401098901098903,Media
42162,42162 SAN ESTEBAN DE GORMAZ,2935,0.2730363821829309,179.0,18.0,4.0,69.3,2715,-220,-7.495741056218058,0.24175824175824176,0.14835164835164835,0.027472527472527486,0.0,0.013736263736263687,0.8241758241758241,0.14835164835164835,0.027472527472527486,0.006868131868131844,0.8241758241758241,0.24175824175824176,0.24972527472527473,Baja
42163,42163 SAN FELICES,59,0.2372881355932203,0.0,1.0,0.0,58.2,64,5,8.47457627118644,0.4725274725274725,0.10989010989010989,0.717032967032967,0.6785714285714286,0.554945054945055,0.6978021978021978,0.10989010989010989,0.717032967032967,0.6167582417582418,0.6978021978021978,0.4725274725274725,0.5228021978021978,Media
42164,42164 SAN LEONARDO DE YAGÜE,1949,0.2697435897435897,112.0,1.0,3.0,52.4,1791,-158,-8.106721395587481,0.23076923076923078,0.14285714285714285,0.03296703296703296,0.6785714285714286,0.038461538461538436,0.5659340659340659,0.14285714285714285,0.03296703296703296,0.3585164835164835,0.5659340659340659,0.23076923076923078,0.26620879120879126,Baja
42165,42165 SAN PEDRO MANRIQUE,619,0.2164781906300484,27.0,3.0,2.0,42.1,524,-95,-15.347334410339256,0.14285714285714285,0.07142857142857142,0.09890109890109888,0.18956043956043955,0.06868131868131866,0.3956043956043956,0.07142857142857142,0.09890109890109888,0.1291208791208791,0.3956043956043956,0.14285714285714285,0.16758241758241757,Baja
42166,42166 SANTA CRUZ DE YANGUAS,56,0.3928571428571428,5.0,2.0,0.0,49.5,74,18,32.142857142857146,0.7362637362637363,0.5439560439560439,0.3626373626373627,0.3296703296703297,0.554945054945055,0.532967032967033,0.5439560439560439,0.3626373626373627,0.44230769230769235,0.532967032967033,0.7362637362637363,0.5236263736263737,Media
42167,42167 SANTA MARIA DE HUERTA,242,0.4375,10.0,1.0,0.0,88.1,157,-85,-35.12396694214876,0.038461538461538464,0.6813186813186813,0.23351648351648346,0.6785714285714286,0.554945054945055,0.978021978021978,0.6813186813186813,0.23351648351648346,0.6167582417582418,0.978021978021978,0.038461538461538464,0.5096153846153846,Media
42168,42168 SANTA MARIA DE LAS HOYAS,113,0.4690265486725664,4.0,1.0,0.0,62.6,126,13,11.504424778761061,0.510989010989011,0.7362637362637363,0.40934065934065933,0.6785714285714286,0.554945054945055,0.7472527472527473,0.7362637362637363,0.40934065934065933,0.6167582417582418,0.7472527472527473,0.510989010989011,0.6041208791208791,Alta
42171,42171 SERON DE NAGIMA,122,0.416,12.0,2.0,0.0,54.0,188,66,54.09836065573771,0.8406593406593407,0.5934065934065934,0.18406593406593408,0.3296703296703297,0.554945054945055,0.6098901098901099,0.5934065934065934,0.18406593406593408,0.44230769230769235,0.6098901098901099,0.8406593406593407,0.5340659340659342,Media
42172,42172 SOLIEDRA,33,0.4545454545454545,0.0,2.0,0.0,53.7,45,12,36.36363636363637,0.7692307692307693,0.7197802197802198,0.717032967032967,0.3296703296703297,0.554945054945055,0.6043956043956044,0.7197802197802198,0.717032967032967,0.44230769230769235,0.6043956043956044,0.7692307692307693,0.6505494505494506,Alta
42174,42174 SOTILLO DEL RINCON,175,0.3163841807909605,13.0,2.0,0.0,31.9,188,13,7.428571428571429,0.45604395604395603,0.2802197802197802,0.17032967032967028,0.3296703296703297,0.554945054945055,0.24175824175824176,0.2802197802197802,0.17032967032967028,0.44230769230769235,0.24175824175824176,0.45604395604395603,0.3181318681318681,Baja
42175,42175 SUELLACABRAS,33,0.1818181818181818,0.0,1.0,0.0,30.4,45,12,36.36363636363637,0.7692307692307693,0.03021978021978022,0.717032967032967,0.6785714285714286,0.554945054945055,0.21978021978021978,0.03021978021978022,0.717032967032967,0.6167582417582418,0.21978021978021978,0.7692307692307693,0.4706043956043956,Media
42176,42176 TAJAHUERCE,23,0.4782608695652174,0.0,1.0,0.0,41.2,41,18,78.26086956521739,0.8956043956043956,0.7692307692307693,0.717032967032967,0.6785714285714286,0.554945054945055,0.38461538461538464,0.7692307692307693,0.717032967032967,0.6167582417582418,0.38461538461538464,0.8956043956043956,0.6766483516483517,Alta
42177,42177 TAJUECO,57,0.4736842105263157,0.0,2.0,0.0,47.9,93,36,63.1578947368421,0.8681318681318682,0.75,0.717032967032967,0.3296703296703297,0.554945054945055,0.5,0.75,0.717032967032967,0.44230769230769235,0.5,0.8681318681318682,0.6554945054945056,Alta
42178,42178 TALVEILA,101,0.5384615384615384,0.0,1.0,0.0,48.0,86,-15,-14.85148514851485,0.15384615384615385,0.9065934065934066,0.717032967032967,0.6785714285714286,0.554945054945055,0.5054945054945055,0.9065934065934066,0.717032967032967,0.6167582417582418,0.5054945054945055,0.15384615384615385,0.5799450549450549,Media
42181,42181 TARDELCUENDE,424,0.4033018867924528,14.0,3.0,0.0,28.2,436,12,2.8301886792452833,0.3956043956043956,0.5769230769230769,0.1565934065934066,0.18956043956043955,0.554945054945055,0.18681318681318682,0.5769230769230769,0.1565934065934066,0.37225274725274726,0.18681318681318682,0.3956043956043956,0.33763736263736266,Baja
42182,42182 TARODA,46,0.4680851063829787,0.0,1.0,0.0,55.0,39,-7,-15.217391304347828,0.14835164835164835,0.7307692307692307,0.717032967032967,0.6785714285714286,0.554945054945055,0.6373626373626373,0.7307692307692307,0.717032967032967,0.6167582417582418,0.6373626373626373,0.14835164835164835,0.570054945054945,Media
42183,42183 TEJADO,96,0.5257731958762887,5.0,1.0,0.0,44.3,104,8,8.333333333333332,0.46703296703296704,0.8846153846153846,0.3626373626373627,0.6785714285714286,0.554945054945055,0.41208791208791207,0.8846153846153846,0.3626373626373627,0.6167582417582418,0.41208791208791207,0.46703296703296704,0.5486263736263737,Media
42184,42184 TORLENGUA,45,0.4888888888888889,0.0,1.0,0.0,60.8,51,6,13.333333333333334,0.5384615384615384,0.804945054945055,0.717032967032967,0.6785714285714286,0.554945054945055,0.7225274725274725,0.804945054945055,0.717032967032967,0.6167582417582418,0.7225274725274725,0.5384615384615384,0.679945054945055,Alta
42185,42185 TORREBLACOS,26,0.7692307692307693,0.0,1.0,0.0,37.8,25,-1,-3.8461538461538463,0.2857142857142857,1.0,0.717032967032967,0.6785714285714286,0.554945054945055,0.32142857142857145,1.0,0.717032967032967,0.6167582417582418,0.32142857142857145,0.2857142857142857,0.5881868131868132,Media
42187,42187 TORRUBIA DE SORIA,56,0.375,0.0,1.0,0.0,43.3,44,-12,-21.428571428571427,0.10989010989010989,0.489010989010989,0.717032967032967,0.6785714285714286,0.554945054945055,0.40384615384615385,0.489010989010989,0.717032967032967,0.6167582417582418,0.40384615384615385,0.10989010989010989,0.4673076923076923,Media
42188,42188 TREVAGO,47,0.3829787234042553,0.0,1.0,0.0,53.0,50,3,6.382978723404255,0.42857142857142855,0.5054945054945055,0.717032967032967,0.6785714285714286,0.554945054945055,0.5934065934065934,0.5054945054945055,0.717032967032967,0.6167582417582418,0.5934065934065934,0.42857142857142855,0.5722527472527472,Media
42189,42189 UCERO,91,0.2340425531914893,8.0,1.0,0.0,72.1,114,23,25.274725274725274,0.6428571428571429,0.09340659340659341,0.28296703296703296,0.6785714285714286,0.554945054945055,0.8846153846153846,0.09340659340659341,0.28296703296703296,0.6167582417582418,0.8846153846153846,0.6428571428571429,0.5041208791208791,Media
42190,42190 VADILLO,83,0.4404761904761904,0.0,1.0,0.0,52.0,67,-16,-19.27710843373494,0.11538461538461539,0.6868131868131868,0.717032967032967,0.6785714285714286,0.554945054945055,0.554945054945055,0.6868131868131868,0.717032967032967,0.6167582417582418,0.554945054945055,0.11538461538461539,0.5381868131868133,Media
42191,42191 VALDEAVELLANO DE TERA,218,0.3515981735159817,29.0,2.0,0.0,29.7,562,344,157.7981651376147,0.9835164835164835,0.4230769230769231,0.09340659340659341,0.3296703296703297,0.554945054945055,0.2087912087912088,0.4230769230769231,0.09340659340659341,0.44230769230769235,0.2087912087912088,0.9835164835164835,0.4302197802197802,Baja
42192,42192 VALDEGEÑA,37,0.3783783783783784,0.0,1.0,0.0,35.3,38,1,2.7027027027027026,0.3791208791208791,0.5,0.717032967032967,0.6785714285714286,0.554945054945055,0.2802197802197802,0.5,0.717032967032967,0.6167582417582418,0.2802197802197802,0.3791208791208791,0.49862637362637363,Media
42193,42193 VALDELAGUA DEL CERRO,13,0.3076923076923077,0.0,1.0,0.0,55.4,17,4,30.76923076923077,0.7142857142857143,0.24725274725274726,0.717032967032967,0.6785714285714286,0.554945054945055,0.6483516483516484,0.24725274725274726,0.717032967032967,0.6167582417582418,0.6483516483516484,0.7142857142857143,0.5887362637362638,Alta
42194,42194 VALDEMALUQUE,137,0.4890510948905109,10.0,6.0,0.0,66.8,174,37,27.00729927007299,0.6758241758241759,0.8131868131868132,0.23351648351648346,0.052197802197802234,0.554945054945055,0.8021978021978022,0.8131868131868132,0.23351648351648346,0.3035714285714286,0.8021978021978022,0.6758241758241759,0.5656593406593406,Media
42195,42195 VALDENEBRO,94,0.4105263157894737,0.0,2.0,0.0,54.4,119,25,26.595744680851062,0.6593406593406593,0.5879120879120879,0.717032967032967,0.3296703296703297,0.554945054945055,0.6208791208791209,0.5879120879120879,0.717032967032967,0.44230769230769235,0.6208791208791209,0.6593406593406593,0.6054945054945055,Alta
42196,42196 VALDEPRADO,8,0.375,0.0,0.0,0.0,54.8,18,10,125.0,0.9615384615384616,0.489010989010989,0.717032967032967,0.9615384615384616,0.554945054945055,0.6318681318681318,0.489010989010989,0.717032967032967,0.7582417582417582,0.6318681318681318,0.9615384615384616,0.7115384615384615,Alta
42197,42197 VALDERRODILLA,62,0.4838709677419355,0.0,2.0,0.0,43.3,79,17,27.419354838709676,0.6813186813186813,0.7802197802197802,0.717032967032967,0.3296703296703297,0.554945054945055,0.40384615384615385,0.7802197802197802,0.717032967032967,0.44230769230769235,0.40384615384615385,0.6813186813186813,0.6049450549450549,Alta
42198,42198 VALTAJEROS,19,0.3157894736842105,0.0,0.0,0.0,37.7,38,19,100.0,0.9285714285714286,0.27197802197802196,0.717032967032967,0.9615384615384616,0.554945054945055,0.3131868131868132,0.27197802197802196,0.717032967032967,0.7582417582417582,0.3131868131868132,0.9285714285714286,0.5978021978021978,Alta
42200,42200 VELAMAZAN,67,0.4776119402985074,0.0,2.0,0.0,56.5,49,-18,-26.865671641791046,0.06593406593406594,0.7637362637362637,0.717032967032967,0.3296703296703297,0.554945054945055,0.6730769230769231,0.7637362637362637,0.717032967032967,0.44230769230769235,0.6730769230769231,0.06593406593406594,0.5324175824175825,Media
42201,42201 VELILLA DE LA SIERRA,27,0.5185185185185185,0.0,0.0,0.0,12.8,22,-5,-18.51851851851852,0.12087912087912088,0.8571428571428571,0.717032967032967,0.9615384615384616,0.554945054945055,0.02197802197802198,0.8571428571428571,0.717032967032967,0.7582417582417582,0.02197802197802198,0.12087912087912088,0.49505494505494496,Media
42202,42202 VELILLA DE LOS AJOS,15,0.6666666666666666,0.0,1.0,0.0,65.6,25,10,66.66666666666666,0.8763736263736264,0.9807692307692307,0.717032967032967,0.6785714285714286,0.554945054945055,0.7912087912087912,0.9807692307692307,0.717032967032967,0.6167582417582418,0.7912087912087912,0.8763736263736264,0.7964285714285715,Alta
42204,42204 VIANA DE DUERO,49,0.3265306122448979,0.0,0.0,0.0,47.5,16,-33,-67.3469387755102,0.005494505494505495,0.31868131868131866,0.717032967032967,0.9615384615384616,0.554945054945055,0.489010989010989,0.31868131868131866,0.717032967032967,0.7582417582417582,0.489010989010989,0.005494505494505495,0.4576923076923077,Media
42205,42205 VILLACIERVOS,86,0.4883720930232558,4.0,2.0,0.0,13.2,84,-2,-2.3255813953488373,0.3076923076923077,0.7967032967032966,0.40934065934065933,0.3296703296703297,0.554945054945055,0.03296703296703297,0.7967032967032966,0.40934065934065933,0.44230769230769235,0.03296703296703297,0.3076923076923077,0.39780219780219783,Baja
42206,42206 VILLANUEVA DE GORMAZ,8,0.625,0.0,1.0,0.0,70.7,20,12,150.0,0.978021978021978,0.967032967032967,0.717032967032967,0.6785714285714286,0.554945054945055,0.8461538461538461,0.967032967032967,0.717032967032967,0.6167582417582418,0.8461538461538461,0.978021978021978,0.825,Alta
42207,42207 VILLAR DEL ALA,50,0.22,4.0,1.0,0.0,28.9,51,1,2.0,0.34065934065934067,0.07692307692307693,0.40934065934065933,0.6785714285714286,0.554945054945055,0.1978021978021978,0.07692307692307693,0.40934065934065933,0.6167582417582418,0.1978021978021978,0.34065934065934067,0.3282967032967033,Baja
42208,42208 VILLAR DEL CAMPO,30,0.4,0.0,1.0,0.0,34.5,29,-1,-3.3333333333333335,0.2967032967032967,0.5659340659340659,0.717032967032967,0.6785714285714286,0.554945054945055,0.27197802197802196,0.5659340659340659,0.717032967032967,0.6167582417582418,0.27197802197802196,0.2967032967032967,0.4936813186813186,Media
42209,42209 VILLAR DEL RIO,156,0.3924050632911392,7.0,3.0,0.0,44.8,153,-3,-1.9230769230769231,0.31868131868131866,0.5384615384615384,0.31043956043956045,0.18956043956043955,0.554945054945055,0.43956043956043955,0.5384615384615384,0.31043956043956045,0.37225274725274726,0.43956043956043955,0.31868131868131866,0.3958791208791209,Baja
42211,42211 VILLARES DE SORIA (LOS),75,0.3376623376623376,7.0,2.0,0.0,22.3,77,2,2.666666666666667,0.3708791208791209,0.3626373626373626,0.31043956043956045,0.3296703296703297,0.554945054945055,0.08791208791208792,0.3626373626373626,0.31043956043956045,0.44230769230769235,0.08791208791208792,0.3708791208791209,0.3148351648351648,Baja
42212,42212 VILLASAYAS,60,0.3833333333333333,0.0,2.0,0.0,55.2,55,-5,-8.333333333333332,0.22527472527472528,0.510989010989011,0.717032967032967,0.3296703296703297,0.554945054945055,0.6428571428571429,0.510989010989011,0.717032967032967,0.44230769230769235,0.6428571428571429,0.22527472527472528,0.5076923076923078,Media
42213,42213 VILLASECA DE ARCIEL,24,0.5416666666666666,0.0,1.0,0.0,45.0,28,4,16.666666666666664,0.5686813186813187,0.9120879120879121,0.717032967032967,0.6785714285714286,0.554945054945055,0.45054945054945056,0.9120879120879121,0.717032967032967,0.6167582417582418,0.45054945054945056,0.5686813186813187,0.6530219780219781,Alta
42215,42215 VINUESA,833,0.2953181272509003,77.0,1.0,3.0,33.0,909,76,9.123649459783914,0.4835164835164835,0.1978021978021978,0.0494505494505495,0.6785714285714286,0.038461538461538436,0.25824175824175827,0.1978021978021978,0.0494505494505495,0.3585164835164835,0.25824175824175827,0.4835164835164835,0.26950549450549455,Baja
42216,42216 VIZMANOS,30,0.4,0.0,1.0,0.0,40.5,32,2,6.666666666666667,0.4340659340659341,0.5659340659340659,0.717032967032967,0.6785714285714286,0.554945054945055,0.36813186813186816,0.5659340659340659,0.717032967032967,0.6167582417582418,0.36813186813186816,0.4340659340659341,0.5403846153846154,Media
42217,42217 VOZMEDIANO,33,0.3636363636363636,0.0,1.0,0.0,65.8,52,19,57.57575757575758,0.8571428571428571,0.46153846153846156,0.717032967032967,0.6785714285714286,0.554945054945055,0.7967032967032966,0.46153846153846156,0.717032967032967,0.6167582417582418,0.7967032967032966,0.8571428571428571,0.6898351648351648,Alta
42218,42218 YANGUAS,106,0.2358490566037736,10.0,1.0,0.0,48.3,120,14,13.20754716981132,0.5274725274725275,0.1043956043956044,0.23351648351648346,0.6785714285714286,0.554945054945055,0.510989010989011,0.1043956043956044,0.23351648351648346,0.6167582417582418,0.510989010989011,0.5274725274725275,0.39862637362637365,Baja
42219,42219 YELO,37,0.4864864864864865,0.0,1.0,0.0,74.0,62,25,67.56756756756756,0.8846153846153846,0.7857142857142857,0.717032967032967,0.6785714285714286,0.554945054945055,0.9038461538461539,0.7857142857142857,0.717032967032967,0.6167582417582418,0.9038461538461539,0.8846153846153846,0.7815934065934066,Alta
