COD_MUNICIPIO,MUNICIPIO,POBLACION_TOTAL,PROP_ENVEJECIMIENTO,EMPRESAS,SERVICIOS_SANIDAD,ESCUELAS,DISTANCIA_CAPITAL,POBLACION_2030_PROY,VAR_2024_2030,VAR_2024_2030_PCT,VAR_2024_2030_PCT_PCT,PROP_ENVEJECIMIENTO_PCT,EMPRESAS_PCT,SERVICIOS_SANIDAD_PCT,ESCUELAS_PCT,DISTANCIA_CAPITAL_PCT,DIM_DEMOGRAFICA,DIM_ECONOMICA,DIM_SERVICIOS,DIM_ACCESIBILIDAD,DIM_DINAMICA_FUTURA,INDICE_VULNERABILIDAD,NIVEL_VULNERABILIDAD,CLUSTER,PCA_1,PCA_2
42001,42001 ABEJAR,386,0.248041775456919,23.0,1.0,0.0,27.4,291,-95,-24.61139896373057,0.0879120879120879,0.1153846153846153,0.1098901098901099,0.6785714285714286,0.554945054945055,0.1785714285714285,0.1153846153846153,0.1098901098901099,0.6167582417582418,0.1785714285714285,0.0879120879120879,0.2217032967032967,Baja,2,1.7803808425246295,1.6302853176416867
42003,42003 ADRADAS,58,0.328125,8.0,2.0,0.0,54.3,74,16,27.58620689655172,0.6868131868131868,0.3269230769230769,0.2829670329670329,0.3296703296703297,0.554945054945055,0.6153846153846154,0.3269230769230769,0.2829670329670329,0.4423076923076923,0.6153846153846154,0.6868131868131868,0.4708791208791208,Media,0,0.6815074141656856,-0.8109449767924968
42004,42004 AGREDA,3094,0.2567260940032415,186.0,2.0,3.0,57.1,3179,85,2.7472527472527477,0.3846153846153846,0.1318681318681318,0.021978021978022,0.3296703296703297,0.0384615384615384,0.6868131868131868,0.1318681318681318,0.021978021978022,0.184065934065934,0.6868131868131868,0.3846153846153846,0.2818681318681318,Baja,0,2.6771012288132474,-1.1382518589590298
42006,42006 ALCONABA,199,0.2985074626865671,11.0,4.0,0.0,13.0,407,208,104.52261306532664,0.934065934065934,0.2142857142857142,0.1978021978021977,0.1181318681318681,0.554945054945055,0.0274725274725274,0.2142857142857142,0.1978021978021977,0.3365384615384615,0.0274725274725274,0.934065934065934,0.342032967032967,Baja,2,1.4516303577509402,-0.05313736434642234
42007,42007 ALCUBILLA DE AVELLANEDA,107,0.5188679245283019,5.0,4.0,0.0,78.9,160,53,49.53271028037384,0.8186813186813187,0.8626373626373627,0.3626373626373627,0.1181318681318681,0.554945054945055,0.9368131868131868,0.8626373626373627,0.3626373626373627,0.3365384615384615,0.9368131868131868,0.8186813186813187,0.6634615384615385,Alta,0,-0.3721981522664354,-2.3386885078278468
42008,42008 ALCUBILLA DE LAS PEÑAS,59,0.3220338983050847,8.0,3.0,0.0,68.5,79,20,33.89830508474576,0.7472527472527473,0.3021978021978022,0.2829670329670329,0.1895604395604395,0.554945054945055,0.8186813186813187,0.3021978021978022,0.2829670329670329,0.3722527472527472,0.8186813186813187,0.7472527472527473,0.5046703296703297,Media,0,0.7565830773206719,-1.5395161029697841
42009,42009 ALDEALAFUENTE,83,0.3720930232558139,4.0,2.0,0.0,25.1,94,11,13.253012048192772,0.532967032967033,0.478021978021978,0.4093406593406593,0.3296703296703297,0.554945054945055,0.1428571428571428,0.478021978021978,0.4093406593406593,0.4423076923076923,0.1428571428571428,0.532967032967033,0.4010989010989011,Baja,2,0.5820827529393544,0.6274843933898544
42010,42010 ALDEALICES,20,0.5,0.0,1.0,0.0,26.8,18,-2,-10.0,0.1978021978021978,0.8324175824175825,0.717032967032967,0.6785714285714286,0.554945054945055,0.1703296703296703,0.8324175824175825,0.717032967032967,0.6167582417582418,0.1703296703296703,0.1978021978021978,0.5068681318681318,Media,1,-0.8876101527322827,1.5878375870837897
42011,42011 ALDEALPOZO,18,0.3333333333333333,0.0,1.0,0.0,29.2,28,10,55.55555555555556,0.8516483516483516,0.3461538461538461,0.717032967032967,0.6785714285714286,0.554945054945055,0.2032967032967033,0.3461538461538461,0.717032967032967,0.6167582417582418,0.2032967032967033,0.8516483516483516,0.546978021978022,Media,1,-0.8225947435335919,0.7095501946471497
42012,42012 ALDEALSEÑOR,28,0.3571428571428571,0.0,1.0,0.0,23.9,30,2,7.142857142857142,0.4423076923076923,0.4395604395604395,0.717032967032967,0.6785714285714286,0.554945054945055,0.1208791208791208,0.4395604395604395,0.717032967032967,0.6167582417582418,0.1208791208791208,0.4423076923076923,0.4673076923076923,Media,1,-0.48464288505650305,1.558195005937957
42013,42013 ALDEHUELA DE PERIAÑEZ,30,0.4,0.0,0.0,0.0,21.6,39,9,30.0,0.7060439560439561,0.5659340659340659,0.717032967032967,0.9615384615384616,0.554945054945055,0.0769230769230769,0.5659340659340659,0.717032967032967,0.7582417582417582,0.0769230769230769,0.7060439560439561,0.5648351648351648,Media,1,-1.3867746425792156,1.4139394504431122
42014,42014 ALDEHUELAS (LAS),60,0.0,0.0,3.0,0.0,34.5,77,17,28.33333333333333,0.6978021978021978,0.0109890109890109,0.717032967032967,0.1895604395604395,0.554945054945055,0.2719780219780219,0.0109890109890109,0.717032967032967,0.3722527472527472,0.2719780219780219,0.6978021978021978,0.414010989010989,Baja,2,0.6037853822135132,0.531541899341525
42015,42015 ALENTISQUE,24,0.0,0.0,2.0,0.0,56.5,50,26,108.33333333333331,0.9395604395604396,0.0109890109890109,0.717032967032967,0.3296703296703297,0.554945054945055,0.6730769230769231,0.0109890109890109,0.717032967032967,0.4423076923076923,0.6730769230769231,0.9395604395604396,0.5565934065934066,Media,1,-0.10173096255349309,-0.7136055730605734
42016,42016 ALIUD,21,0.0,0.0,0.0,0.0,32.1,12,-9,-42.85714285714285,0.0274725274725274,0.0109890109890109,0.717032967032967,0.9615384615384616,0.554945054945055,0.2472527472527472,0.0109890109890109,0.717032967032967,0.7582417582417582,0.2472527472527472,0.0274725274725274,0.3521978021978021,Baja,2,0.15453548785200014,2.5795700471732714
42017,42017 ALMAJANO,182,0.2346368715083799,16.0,2.0,0.0,19.9,253,71,39.010989010989015,0.7967032967032966,0.0989010989010989,0.1318681318681318,0.3296703296703297,0.554945054945055,0.0714285714285714,0.0989010989010989,0.1318681318681318,0.4423076923076923,0.0714285714285714,0.7967032967032966,0.3082417582417582,Baja,2,1.5879445063343318,0.31677443923734977
42018,42018 ALMALUEZ,124,0.496,5.0,4.0,0.0,72.7,151,27,21.774193548387096,0.6043956043956044,0.8241758241758241,0.3626373626373627,0.1181318681318681,0.554945054945055,0.8956043956043956,0.8241758241758241,0.3626373626373627,0.3365384615384615,0.8956043956043956,0.6043956043956044,0.6046703296703296,Alta,0,-0.05416245404456317,-1.8373400202825685
42019,42019 ALMARZA,626,0.3025477707006369,39.0,8.0,2.0,23.3,604,-22,-3.514376996805112,0.2912087912087912,0.2307692307692307,0.0824175824175824,0.0357142857142857,0.0686813186813186,0.1043956043956044,0.2307692307692307,0.0824175824175824,0.0521978021978021,0.1043956043956044,0.2912087912087912,0.1521978021978022,Baja,2,3.2164530143763628,0.14927265565237235
42020,42020 ALMAZAN,5476,0.2505028341561529,338.0,4.0,8.0,35.9,5310,-166,-3.031409788166545,0.3021978021978022,0.1263736263736263,0.0,0.1181318681318681,0.0,0.2967032967032967,0.1263736263736263,0.0,0.059065934065934,0.2967032967032967,0.3021978021978022,0.1568681318681318,Baja,0,3.4322490021223246,-0.33355916535503194
42021,42021 ALMAZUL,60,0.5081967213114754,0.0,2.0,0.0,47.6,88,28,46.66666666666666,0.8131868131868132,0.8434065934065934,0.717032967032967,0.3296703296703297,0.554945054945055,0.4945054945054945,0.8434065934065934,0.717032967032967,0.4423076923076923,0.4945054945054945,0.8131868131868132,0.6620879120879121,Alta,1,-1.2186058943782325,-0.6491666282814091
42022,42022 ALMENAR DE SORIA,216,0.319634703196347,10.0,4.0,0.0,31.2,178,-38,-17.59259259259259,0.1263736263736263,0.2967032967032967,0.2335164835164834,0.1181318681318681,0.554945054945055,0.2252747252747252,0.2967032967032967,0.2335164835164834,0.3365384615384615,0.2252747252747252,0.1263736263736263,0.2436813186813186,Baja,2,1.9979334584687403,0.8582942283563608
42023,42023 ALPANSEQUE,51,0.4313725490196078,0.0,2.0,0.0,66.9,68,17,33.33333333333333,0.7417582417582418,0.6703296703296703,0.717032967032967,0.3296703296703297,0.554945054945055,0.8076923076923077,0.6703296703296703,0.717032967032967,0.4423076923076923,0.8076923076923077,0.7417582417582418,0.6758241758241759,Alta,1,-1.0375056433056649,-1.1601930211895
42024,42024 ARANCON,76,0.4473684210526316,0.0,4.0,0.0,23.8,95,19,25.0,0.6373626373626373,0.7087912087912088,0.717032967032967,0.1181318681318681,0.554945054945055,0.1098901098901098,0.7087912087912088,0.717032967032967,0.3365384615384615,0.1098901098901098,0.6373626373626373,0.5019230769230769,Media,1,-0.26466842892116793,0.4604807442687401
42025,42025 ARCOS DE JALON,1545,0.2849740932642487,101.0,13.0,3.0,92.5,1588,43,2.7831715210355985,0.3901098901098901,0.1648351648351648,0.0439560439560439,0.0082417582417582,0.0384615384615384,0.9835164835164836,0.1648351648351648,0.0439560439560439,0.0233516483516483,0.9835164835164836,0.3901098901098901,0.3211538461538461,Baja,0,2.8937421052364356,-2.2066121817715594
42026,42026 ARENILLAS,42,0.3571428571428571,0.0,1.0,0.0,74.0,36,-6,-14.285714285714285,0.1648351648351648,0.4395604395604395,0.717032967032967,0.6785714285714286,0.554945054945055,0.903846153846154,0.4395604395604395,0.717032967032967,0.6167582417582418,0.903846153846154,0.1648351648351648,0.5684065934065934,Media,1,-0.6292455895991469,0.14743052561540265
42027,42027 AREVALO DE LA SIERRA,70,0.3571428571428571,0.0,3.0,0.0,29.8,87,17,24.285714285714285,0.6318681318681318,0.4395604395604395,0.717032967032967,0.1895604395604395,0.554945054945055,0.2142857142857142,0.4395604395604395,0.717032967032967,0.3722527472527472,0.2142857142857142,0.6318681318681318,0.475,Media,1,0.010239130900028915,0.4833317185072077
42028,42028 AUSEJO DE LA SIERRA,115,0.188034188034188,9.0,2.0,0.0,19.5,118,3,2.608695652173913,0.3626373626373626,0.0439560439560439,0.2637362637362637,0.3296703296703297,0.554945054945055,0.0659340659340659,0.0439560439560439,0.2637362637362637,0.4423076923076923,0.0659340659340659,0.3626373626373626,0.2357142857142857,Baja,2,1.8493534494344175,1.2655792334161011
42029,42029 BARAONA,122,0.3983739837398374,6.0,4.0,0.0,63.6,169,47,38.52459016393443,0.7912087912087912,0.554945054945055,0.3324175824175824,0.1181318681318681,0.554945054945055,0.7692307692307693,0.554945054945055,0.3324175824175824,0.3365384615384615,0.7692307692307693,0.7912087912087912,0.5568681318681319,Media,0,0.3227250769550724,-1.6990731709039015
42030,42030 BARCA,107,0.4299065420560747,5.0,2.0,0.0,48.7,128,21,19.626168224299064,0.5824175824175825,0.6648351648351648,0.3626373626373627,0.3296703296703297,0.554945054945055,0.5164835164835165,0.6648351648351648,0.3626373626373627,0.4423076923076923,0.5164835164835165,0.5824175824175825,0.5137362637362638,Media,1,0.11869742015307583,-0.5445363518716407
42031,42031 BARCONES,25,0.36,0.0,1.0,0.0,82.4,33,8,32.0,0.728021978021978,0.456043956043956,0.717032967032967,0.6785714285714286,0.554945054945055,0.9505494505494504,0.456043956043956,0.717032967032967,0.6167582417582418,0.9505494505494504,0.728021978021978,0.6936813186813187,Alta,1,-1.2923641949252882,-0.9612512990707083
42032,42032 BAYUBAS DE ABAJO,144,0.5205479452054794,5.0,2.0,0.0,56.2,161,17,11.805555555555555,0.5164835164835165,0.8736263736263736,0.3626373626373627,0.3296703296703297,0.554945054945055,0.6648351648351648,0.8736263736263736,0.3626373626373627,0.4423076923076923,0.6648351648351648,0.5164835164835165,0.5719780219780219,Media,1,-0.23415146373651077,-0.936149763364432
42033,42033 BAYUBAS DE ARRIBA,60,0.4166666666666667,0.0,1.0,0.0,53.3,69,9,15.0,0.5494505494505495,0.6043956043956044,0.717032967032967,0.6785714285714286,0.554945054945055,0.5989010989010989,0.6043956043956044,0.717032967032967,0.6167582417582418,0.5989010989010989,0.5494505494505495,0.6173076923076923,Alta,1,-1.1406866691326796,0.0971558559436392
42034,42034 BERATON,41,0.3414634146341463,0.0,1.0,0.0,70.4,45,4,9.75609756097561,0.4945054945054945,0.3791208791208791,0.717032967032967,0.6785714285714286,0.554945054945055,0.8351648351648352,0.3791208791208791,0.717032967032967,0.6167582417582418,0.8351648351648352,0.4945054945054945,0.6085164835164836,Alta,1,-0.8487333091030718,-0.21952724919803704
42035,42035 BERLANGA DE DUERO,831,0.3369304556354916,58.0,7.0,1.0,52.6,850,19,2.286401925391095,0.3516483516483517,0.3571428571428571,0.0714285714285714,0.0439560439560439,0.0961538461538461,0.5796703296703297,0.3571428571428571,0.0714285714285714,0.070054945054945,0.5796703296703297,0.3516483516483517,0.2859890109890109,Baja,0,2.645233838279807,-1.1700450212227842
42036,42036 BLACOS,38,0.5263157894736842,0.0,1.0,0.0,35.8,47,9,23.684210526315788,0.6208791208791209,0.8928571428571429,0.717032967032967,0.6785714285714286,0.554945054945055,0.2912087912087912,0.8928571428571429,0.717032967032967,0.6167582417582418,0.2912087912087912,0.6208791208791209,0.6277472527472527,Alta,1,-1.5127576408865617,0.5132825790021294
42037,42037 BLIECOS,26,0.4230769230769231,0.0,1.0,0.0,40.8,35,9,34.61538461538461,0.7527472527472527,0.6236263736263736,0.717032967032967,0.6785714285714286,0.554945054945055,0.3791208791208791,0.6236263736263736,0.717032967032967,0.6167582417582418,0.3791208791208791,0.7527472527472527,0.6178571428571429,Alta,1,-1.2671802010890514,0.26045399033601324
42038,42038 BORJABAD,30,0.6,0.0,1.0,0.0,35.7,38,8,26.666666666666668,0.6648351648351648,0.9532967032967034,0.717032967032967,0.6785714285714286,0.554945054945055,0.2857142857142857,0.9532967032967034,0.717032967032967,0.6167582417582418,0.2857142857142857,0.6648351648351648,0.6475274725274726,Alta,1,-1.6556206099402162,0.4070463498475231
42039,42039 BOROBIA,228,0.3552631578947368,11.0,2.0,0.0,62.9,211,-17,-7.456140350877193,0.2472527472527472,0.4285714285714285,0.1978021978021977,0.3296703296703297,0.554945054945055,0.7527472527472527,0.4285714285714285,0.1978021978021977,0.4423076923076923,0.7527472527472527,0.2472527472527472,0.4137362637362637,Baja,0,1.108311047434465,-0.5367187398273334
42041,42041 BUBEROS,28,0.5357142857142857,0.0,0.0,0.0,36.3,30,2,7.142857142857142,0.4423076923076923,0.9010989010989012,0.717032967032967,0.9615384615384616,0.554945054945055,0.3021978021978022,0.9010989010989012,0.717032967032967,0.7582417582417582,0.3021978021978022,0.4423076923076923,0.6241758241758241,Alta,1,-1.7749298395018434,1.0923134662305505
42042,42042 BUITRAGO,74,0.1891891891891892,4.0,0.0,0.0,13.4,55,-19,-25.675675675675677,0.0824175824175824,0.0494505494505494,0.4093406593406593,0.9615384615384616,0.554945054945055,0.0384615384615384,0.0494505494505494,0.4093406593406593,0.7582417582417582,0.0384615384615384,0.0824175824175824,0.2675824175824176,Baja,2,0.8536928969909738,2.6392011594093625
42043,42043 BURGO DE OSMA-CIUDAD DE OSMA,5204,0.2581768918134314,315.0,13.0,6.0,56.9,5100,-104,-1.9984627209838584,0.3131868131868132,0.1373626373626373,0.0054945054945054,0.0082417582417582,0.0054945054945054,0.6813186813186813,0.1373626373626373,0.0054945054945054,0.0068681318681318,0.6813186813186813,0.3131868131868132,0.2288461538461538,Baja,0,3.3321089851656995,-1.3963987071047594
42044,42044 CABREJAS DEL CAMPO,53,0.4528301886792453,0.0,1.0,0.0,28.3,59,6,11.320754716981131,0.5054945054945055,0.7142857142857143,0.717032967032967,0.6785714285714286,0.554945054945055,0.1923076923076923,0.7142857142857143,0.717032967032967,0.6167582417582418,0.1923076923076923,0.5054945054945055,0.5491758241758242,Media,1,-1.040906809240191,1.0805929694319627
42045,42045 CABREJAS DEL PINAR,299,0.3333333333333333,14.0,2.0,0.0,34.1,272,-27,-9.03010033444816,0.2197802197802197,0.3461538461538461,0.1565934065934066,0.3296703296703297,0.554945054945055,0.2637362637362637,0.3461538461538461,0.1565934065934066,0.4423076923076923,0.2637362637362637,0.2197802197802197,0.2857142857142857,Baja,2,1.6442647977583436,0.7102341973706948
42046,42046 CALATAÑAZOR,43,0.3953488372093023,11.0,2.0,0.0,31.6,192,149,346.51162790697674,0.9945054945054944,0.5494505494505495,0.1978021978021977,0.3296703296703297,0.554945054945055,0.2362637362637362,0.5494505494505495,0.1978021978021977,0.4423076923076923,0.2362637362637362,0.9945054945054944,0.4840659340659341,Media,2,0.39604972931034976,-0.6773519390843087
42048,42048 CALTOJAR,51,0.392156862745098,0.0,3.0,0.0,64.0,69,18,35.294117647058826,0.7582417582417582,0.532967032967033,0.717032967032967,0.1895604395604395,0.554945054945055,0.7747252747252747,0.532967032967033,0.717032967032967,0.3722527472527472,0.7747252747252747,0.7582417582417582,0.631043956043956,Alta,1,-0.5971814580665983,-1.1603240743978105
42049,42049 CANDILICHERA,104,0.4711538461538461,0.0,4.0,0.0,24.5,112,8,7.6923076923076925,0.4615384615384615,0.7417582417582418,0.717032967032967,0.1181318681318681,0.554945054945055,0.1318681318681318,0.7417582417582418,0.717032967032967,0.3365384615384615,0.1318681318681318,0.4615384615384615,0.4777472527472528,Media,1,-0.14047331361127324,0.691145637400668
42050,42050 CAÑAMAQUE,27,0.2962962962962963,0.0,1.0,0.0,67.5,34,7,25.925925925925924,0.6538461538461539,0.2032967032967033,0.717032967032967,0.6785714285714286,0.554945054945055,0.8131868131868132,0.2032967032967033,0.717032967032967,0.6167582417582418,0.8131868131868132,0.6538461538461539,0.6008241758241758,Alta,1,-0.7225088977090303,-0.32036777362716684
42051,42051 CARABANTES,22,0.1818181818181818,0.0,1.0,0.0,58.4,25,3,13.636363636363637,0.5439560439560439,0.0302197802197802,0.717032967032967,0.6785714285714286,0.554945054945055,0.7032967032967034,0.0302197802197802,0.717032967032967,0.6167582417582418,0.7032967032967034,0.5439560439560439,0.5222527472527473,Media,1,-0.2593061094225867,0.2600615508068726
42052,42052 CARACENA,14,0.4285714285714285,0.0,0.0,0.0,87.1,31,17,121.42857142857142,0.956043956043956,0.6510989010989011,0.717032967032967,0.9615384615384616,0.554945054945055,0.967032967032967,0.6510989010989011,0.717032967032967,0.7582417582417582,0.967032967032967,0.956043956043956,0.8098901098901099,Alta,1,-2.301995477549608,-1.238002214547222
42053,42053 CARRASCOSA DE ABAJO,18,0.5,0.0,1.0,0.0,81.7,30,12,66.66666666666666,0.8763736263736264,0.8324175824175825,0.717032967032967,0.6785714285714286,0.554945054945055,0.945054945054945,0.8324175824175825,0.717032967032967,0.6167582417582418,0.945054945054945,0.8763736263736264,0.7975274725274726,Alta,1,-2.0625971755647456,-1.4733016796703022
42054,42054 CARRASCOSA DE LA SIERRA,19,0.3157894736842105,0.0,1.0,0.0,27.4,19,0,0.0,0.3324175824175824,0.2719780219780219,0.717032967032967,0.6785714285714286,0.554945054945055,0.1785714285714285,0.2719780219780219,0.717032967032967,0.6167582417582418,0.1785714285714285,0.3324175824175824,0.4233516483516483,Baja,2,-0.12563310557872429,1.7290259003514923
42055,42055 CASAREJOS,146,0.4246575342465753,7.0,1.0,1.0,58.0,137,-9,-6.164383561643835,0.2637362637362637,0.6318681318681318,0.3104395604395604,0.6785714285714286,0.0961538461538461,0.6923076923076923,0.6318681318681318,0.3104395604395604,0.3873626373626374,0.6923076923076923,0.2637362637362637,0.4571428571428571,Media,0,0.705906843411802,-0.5611500360892433
42056,42056 CASTILFRIO DE LA SIERRA,34,0.2941176470588235,0.0,1.0,0.0,26.3,34,0,0.0,0.3324175824175824,0.1923076923076923,0.717032967032967,0.6785714285714286,0.554945054945055,0.1593406593406593,0.1923076923076923,0.717032967032967,0.6167582417582418,0.1593406593406593,0.3324175824175824,0.4035714285714286,Baja,2,0.015001438938300997,1.8319243171110264
42057,42057 CASTILRUIZ,158,0.4102564102564102,8.0,3.0,0.0,49.7,138,-20,-12.658227848101266,0.1758241758241758,0.5824175824175825,0.2829670329670329,0.1895604395604395,0.554945054945055,0.5384615384615384,0.5824175824175825,0.2829670329670329,0.3722527472527472,0.5384615384615384,0.1758241758241758,0.3903846153846154,Baja,0,1.078309833192984,-0.06091977603015281
42058,42058 CASTILLEJO DE ROBLEDO,95,0.4736842105263157,6.0,1.0,0.0,98.6,118,23,24.210526315789476,0.6263736263736264,0.75,0.3324175824175824,0.6785714285714286,0.554945054945055,1.0,0.75,0.3324175824175824,0.6167582417582418,1.0,0.6263736263736264,0.6651098901098902,Alta,1,-0.8107462360571657,-1.5145722685690517
42059,42059 CENTENERA DE ANDALUZ,21,0.5714285714285714,0.0,1.0,0.0,52.7,38,17,80.95238095238095,0.9065934065934066,0.9285714285714286,0.717032967032967,0.6785714285714286,0.554945054945055,0.5879120879120879,0.9285714285714286,0.717032967032967,0.6167582417582418,0.5879120879120879,0.9065934065934066,0.7513736263736264,Alta,1,-2.048867457189651,-0.7294635090792768
42060,42060 CERBON,30,0.3666666666666666,0.0,1.0,0.0,46.6,23,-7,-23.33333333333333,0.0934065934065934,0.4725274725274725,0.717032967032967,0.6785714285714286,0.554945054945055,0.4752747252747252,0.4725274725274725,0.717032967032967,0.6167582417582418,0.4752747252747252,0.0934065934065934,0.475,Media,1,-0.36199896052554886,1.286472213104061
42061,42061 CIDONES,314,0.3312101910828025,16.0,5.0,0.0,15.1,294,-20,-6.369426751592357,0.2582417582417582,0.3351648351648351,0.1318681318681318,0.0714285714285714,0.554945054945055,0.0494505494505494,0.3351648351648351,0.1318681318681318,0.3131868131868132,0.0494505494505494,0.2582417582417582,0.2175824175824175,Baja,2,2.1965222776895126,0.8703522410376955
42062,42062 CIGUDOSA,15,0.2,0.0,1.0,0.0,59.3,14,-1,-6.666666666666667,0.2527472527472527,0.0659340659340659,0.717032967032967,0.6785714285714286,0.554945054945055,0.7142857142857143,0.0659340659340659,0.717032967032967,0.6167582417582418,0.7142857142857143,0.2527472527472527,0.4733516483516483,Media,1,-0.008415722284722179,0.7169790591032039
42063,42063 CIHUELA,39,0.5897435897435898,4.0,1.0,0.0,71.0,86,47,120.51282051282053,0.9505494505494504,0.945054945054945,0.4093406593406593,0.6785714285714286,0.554945054945055,0.8516483516483516,0.945054945054945,0.4093406593406593,0.6167582417582418,0.8516483516483516,0.9505494505494504,0.7546703296703298,Alta,1,-1.5705999412037073,-1.7790679827043832
42064,42064 CIRIA,70,0.4788732394366197,0.0,1.0,0.0,52.6,73,3,4.285714285714286,0.412087912087912,0.7747252747252747,0.717032967032967,0.6785714285714286,0.554945054945055,0.5796703296703297,0.7747252747252747,0.717032967032967,0.6167582417582418,0.5796703296703297,0.412087912087912,0.6200549450549451,Alta,1,-1.2583390184266232,0.26324908874560965
42065,42065 CIRUJALES DEL RIO,20,0.55,0.0,1.0,0.0,22.1,21,1,5.0,0.4175824175824176,0.9175824175824177,0.717032967032967,0.6785714285714286,0.554945054945055,0.0824175824175824,0.9175824175824177,0.717032967032967,0.6167582417582418,0.0824175824175824,0.4175824175824176,0.5502747252747253,Media,1,-1.2142404647711922,1.356460319703075
42068,42068 COSCURITA,68,0.4264705882352941,0.0,1.0,0.0,44.6,72,4,5.88235294117647,0.4230769230769231,0.6373626373626373,0.717032967032967,0.6785714285714286,0.554945054945055,0.4258241758241758,0.6373626373626373,0.717032967032967,0.6167582417582418,0.4258241758241758,0.4230769230769231,0.564010989010989,Media,1,-0.9591673078260028,0.7136476090832428
42069,42069 COVALEDA,1574,0.3464217859404686,109.0,1.0,3.0,48.9,1609,35,2.223634053367217,0.3461538461538461,0.4010989010989011,0.0384615384615384,0.6785714285714286,0.0384615384615384,0.521978021978022,0.4010989010989011,0.0384615384615384,0.3585164835164835,0.521978021978022,0.3461538461538461,0.3332417582417583,Baja,0,1.7990823553013753,-0.4758445498585193
42070,42070 CUBILLA,24,0.3333333333333333,0.0,1.0,0.0,45.9,43,19,79.16666666666666,0.9010989010989012,0.3461538461538461,0.717032967032967,0.6785714285714286,0.554945054945055,0.467032967032967,0.3461538461538461,0.717032967032967,0.6167582417582418,0.467032967032967,0.9010989010989012,0.6096153846153846,Alta,1,-1.0260310694978791,-0.015344954115325925
42071,42071 CUBO DE LA SOLANA,163,0.4355828220858895,0.0,5.0,0.0,24.6,156,-7,-4.294478527607362,0.2747252747252747,0.6758241758241759,0.717032967032967,0.0714285714285714,0.554945054945055,0.1373626373626373,0.6758241758241759,0.717032967032967,0.3131868131868132,0.1373626373626373,0.2747252747252747,0.4236263736263736,Baja,2,0.23793506268803266,1.0014284671456373
42073,42073 CUEVA DE AGREDA,69,0.5217391304347826,0.0,1.0,0.0,60.9,53,-16,-23.18840579710145,0.0989010989010989,0.8791208791208791,0.717032967032967,0.6785714285714286,0.554945054945055,0.7307692307692307,0.8791208791208791,0.717032967032967,0.6167582417582418,0.7307692307692307,0.0989010989010989,0.6085164835164836,Alta,1,-1.1751016082208867,0.3707924035323225
42075,42075 DEVANOS,72,0.5138888888888888,0.0,1.0,0.0,63.1,41,-31,-43.05555555555556,0.0164835164835164,0.8516483516483516,0.717032967032967,0.6785714285714286,0.554945054945055,0.7582417582417582,0.8516483516483516,0.717032967032967,0.6167582417582418,0.7582417582417582,0.0164835164835164,0.5920329670329669,Alta,1,-1.056760282469667,0.4677038884037062
42076,42076 DEZA,165,0.463855421686747,10.0,4.0,0.0,61.2,179,14,8.484848484848486,0.478021978021978,0.7252747252747253,0.2335164835164834,0.1181318681318681,0.554945054945055,0.7417582417582418,0.7252747252747253,0.2335164835164834,0.3365384615384615,0.7417582417582418,0.478021978021978,0.503021978021978,Media,0,0.62594718588477,-1.3095497186808616
42078,42078 DURUELO DE LA SIERRA,1026,0.3485436893203884,71.0,2.0,3.0,71.2,929,-97,-9.4541910331384,0.2032967032967033,0.4065934065934066,0.0576923076923077,0.3296703296703297,0.0384615384615384,0.8653846153846154,0.4065934065934066,0.0576923076923077,0.184065934065934,0.8653846153846154,0.2032967032967033,0.3434065934065934,Baja,0,2.243106261480173,-1.4106118193614305
42079,42079 ESCOBOSA DE ALMAZAN,20,0.7,0.0,1.0,0.0,55.5,26,6,30.0,0.7060439560439561,0.989010989010989,0.717032967032967,0.6785714285714286,0.554945054945055,0.6538461538461539,0.989010989010989,0.717032967032967,0.6167582417582418,0.6538461538461539,0.7060439560439561,0.7365384615384616,Alta,1,-1.967612050230651,-0.5814449634434427
42080,42080 ESPEJA DE SAN MARCELINO,151,0.4276315789473684,15.0,5.0,0.0,71.2,206,55,36.42384105960264,0.7802197802197802,0.6428571428571429,0.1456043956043956,0.0714285714285714,0.554945054945055,0.8653846153846154,0.6428571428571429,0.1456043956043956,0.3131868131868132,0.8653846153846154,0.7802197802197802,0.5494505494505495,Media,0,0.635357528431301,-2.2201538032508394
42081,42081 ESPEJON,128,0.3383458646616541,16.0,2.0,0.0,71.9,193,65,50.78125,0.8241758241758241,0.3681318681318681,0.1318681318681318,0.3296703296703297,0.554945054945055,0.8791208791208791,0.3681318681318681,0.1318681318681318,0.4423076923076923,0.8791208791208791,0.8241758241758241,0.5291208791208791,Media,0,0.6608260070297016,-1.8770207290973264
42082,42082 ESTEPA DE SAN JUAN,13,0.2307692307692307,0.0,0.0,0.0,26.4,12,-1,-7.6923076923076925,0.2362637362637362,0.0851648351648351,0.717032967032967,0.9615384615384616,0.554945054945055,0.1648351648351648,0.0851648351648351,0.717032967032967,0.7582417582417582,0.1648351648351648,0.2362637362637362,0.3923076923076923,Baja,2,-0.14543009416306374,2.361861091739958
42083,42083 FRECHILLA DE ALMAZAN,21,0.4761904761904761,0.0,0.0,0.0,44.4,63,42,200.0,0.989010989010989,0.7582417582417582,0.717032967032967,0.9615384615384616,0.554945054945055,0.4175824175824176,0.7582417582417582,0.717032967032967,0.7582417582417582,0.4175824175824176,0.989010989010989,0.728021978021978,Alta,1,-2.199829526236392,-0.041162938159464854
42084,42084 FRESNO DE CARACENA,19,0.5263157894736842,0.0,1.0,0.0,78.1,23,4,21.052631578947366,0.5989010989010989,0.8928571428571429,0.717032967032967,0.6785714285714286,0.554945054945055,0.9285714285714286,0.8928571428571429,0.717032967032967,0.6167582417582418,0.9285714285714286,0.5989010989010989,0.7508241758241758,Alta,1,-1.8512171672628892,-0.9913580373029147
42085,42085 FUENTEARMEGIL,150,0.6266666666666667,0.0,5.0,0.0,71.4,154,4,2.666666666666667,0.3708791208791209,0.9725274725274724,0.717032967032967,0.0714285714285714,0.554945054945055,0.8736263736263736,0.9725274725274724,0.717032967032967,0.3131868131868132,0.8736263736263736,0.3708791208791209,0.6494505494505495,Alta,1,-0.7676700376959429,-1.1588627424367377
42086,42086 FUENTECAMBRON,32,0.28125,0.0,2.0,0.0,86.9,41,9,28.125,0.6923076923076923,0.1538461538461538,0.717032967032967,0.3296703296703297,0.554945054945055,0.9615384615384616,0.1538461538461538,0.717032967032967,0.4423076923076923,0.9615384615384616,0.6923076923076923,0.5934065934065934,Alta,1,-0.23056557054158996,-1.0810079871530252
42087,42087 FUENTECANTOS,65,0.2307692307692307,0.0,1.0,0.0,14.8,46,-19,-29.230769230769237,0.0549450549450549,0.0851648351648351,0.717032967032967,0.6785714285714286,0.554945054945055,0.0439560439560439,0.0851648351648351,0.717032967032967,0.6167582417582418,0.0439560439560439,0.0549450549450549,0.3035714285714286,Baja,2,0.555419931215983,2.6718158535400605
42088,42088 FUENTELMONGE,61,0.5081967213114754,0.0,1.0,0.0,70.6,45,-16,-26.229508196721312,0.0769230769230769,0.8434065934065934,0.717032967032967,0.6785714285714286,0.554945054945055,0.8406593406593407,0.8434065934065934,0.717032967032967,0.6167582417582418,0.8406593406593407,0.0769230769230769,0.618956043956044,Alta,1,-1.1556211699519028,0.16840594886656607
42089,42089 FUENTELSAZ DE SORIA,64,0.3076923076923077,0.0,0.0,0.0,15.6,33,-31,-48.4375,0.0109890109890109,0.2472527472527472,0.717032967032967,0.9615384615384616,0.554945054945055,0.0604395604395604,0.2472527472527472,0.717032967032967,0.7582417582417582,0.0604395604395604,0.0109890109890109,0.3587912087912088,Baja,2,-0.10608135804735669,2.893558022963924
42090,42090 FUENTEPINILLA,78,0.4871794871794871,0.0,3.0,0.0,38.3,94,16,20.51282051282051,0.5934065934065934,0.7912087912087912,0.717032967032967,0.1895604395604395,0.554945054945055,0.3351648351648351,0.7912087912087912,0.717032967032967,0.3722527472527472,0.3351648351648351,0.5934065934065934,0.5618131868131868,Media,1,-0.5893122148758291,0.009205067244763762
42092,42092 FUENTES DE MAGAÑA,51,0.4230769230769231,0.0,1.0,0.0,45.8,59,8,15.68627450980392,0.554945054945055,0.6236263736263736,0.717032967032967,0.6785714285714286,0.554945054945055,0.4615384615384615,0.6236263736263736,0.717032967032967,0.6167582417582418,0.4615384615384615,0.554945054945055,0.5947802197802199,Alta,1,-1.0998712852072492,0.4065081684347603
42093,42093 FUENTESTRUN,52,0.3076923076923077,0.0,1.0,0.0,51.3,62,10,19.230769230769237,0.5769230769230769,0.2472527472527472,0.717032967032967,0.6785714285714286,0.554945054945055,0.5494505494505495,0.2472527472527472,0.717032967032967,0.6167582417582418,0.5494505494505495,0.5769230769230769,0.5414835164835164,Media,1,-0.5608903017670328,0.4214404988604987
42094,42094 GARRAY,785,0.1870229007633587,63.0,2.0,1.0,8.8,810,25,3.1847133757961785,0.4065934065934066,0.0384615384615384,0.0659340659340659,0.3296703296703297,0.0961538461538461,0.0164835164835164,0.0384615384615384,0.0659340659340659,0.2129120879120879,0.0164835164835164,0.4065934065934066,0.148076923076923,Baja,2,2.9971345695403024,0.6194078765241096
42095,42095 GOLMAYO,3059,0.1139033942558746,208.0,9.0,3.0,4.0,2617,-442,-14.449166394246484,0.1593406593406593,0.0219780219780219,0.0109890109890109,0.0247252747252747,0.0384615384615384,0.0054945054945054,0.0219780219780219,0.0109890109890109,0.0315934065934065,0.0054945054945054,0.1593406593406593,0.0458791208791208,Baja,2,3.9819214051190532,0.6482380849638325
42096,42096 GOMARA,288,0.3137931034482759,12.0,1.0,1.0,38.7,297,9,3.125,0.4010989010989011,0.2637362637362637,0.184065934065934,0.6785714285714286,0.0961538461538461,0.3461538461538461,0.2637362637362637,0.184065934065934,0.3873626373626374,0.3461538461538461,0.4010989010989011,0.3164835164835165,Baja,2,1.6418196408845405,0.1647075065779782
42097,42097 GORMAZ,26,0.1923076923076923,0.0,1.0,0.0,65.2,33,7,26.923076923076923,0.6703296703296703,0.0549450549450549,0.717032967032967,0.6785714285714286,0.554945054945055,0.7857142857142857,0.0549450549450549,0.717032967032967,0.6167582417582418,0.7857142857142857,0.6703296703296703,0.5689560439560439,Media,1,-0.4832218523473078,-0.17774501750791963
42098,42098 HERRERA DE SORIA,11,0.7272727272727273,0.0,1.0,0.0,58.5,15,4,36.36363636363637,0.7692307692307693,0.9945054945054944,0.717032967032967,0.6785714285714286,0.554945054945055,0.7087912087912088,0.9945054945054944,0.717032967032967,0.6167582417582418,0.7087912087912088,0.7692307692307693,0.7612637362637363,Alta,1,-2.076195705423719,-0.8287463969768545
42100,42100 HINOJOSA DEL CAMPO,25,0.6,0.0,1.0,0.0,45.1,33,8,32.0,0.728021978021978,0.9532967032967034,0.717032967032967,0.6785714285714286,0.554945054945055,0.456043956043956,0.9532967032967034,0.717032967032967,0.6167582417582418,0.456043956043956,0.728021978021978,0.6942307692307693,Alta,1,-1.8208396330431231,-0.11571274290685557
42103,42103 LANGA DE DUERO,716,0.3193863319386332,35.0,6.0,2.0,87.7,711,-5,-0.6983240223463687,0.3241758241758242,0.2912087912087912,0.0879120879120879,0.0521978021978022,0.0686813186813186,0.9725274725274724,0.2912087912087912,0.0879120879120879,0.0604395604395604,0.9725274725274724,0.3241758241758242,0.3472527472527472,Baja,0,2.5510142624493697,-2.029585040261726
42105,42105 LICERAS,49,0.4285714285714285,6.0,1.0,0.0,93.8,54,5,10.20408163265306,0.5,0.6510989010989011,0.3324175824175824,0.6785714285714286,0.554945054945055,0.989010989010989,0.6510989010989011,0.3324175824175824,0.6167582417582418,0.989010989010989,0.5,0.6178571428571429,Alta,1,-0.5066686220054613,-1.1972368737214316
42106,42106 LOSILLA (LA),13,0.3846153846153846,0.0,1.0,0.0,25.9,18,5,38.46153846153847,0.7857142857142857,0.5164835164835165,0.717032967032967,0.6785714285714286,0.554945054945055,0.1538461538461538,0.5164835164835165,0.717032967032967,0.6167582417582418,0.1538461538461538,0.7857142857142857,0.557967032967033,Media,1,-1.0004039612486308,0.8240101459122342
42107,42107 MAGAÑA,64,0.3492063492063492,10.0,3.0,0.0,38.1,98,34,53.125,0.8351648351648352,0.412087912087912,0.2335164835164834,0.1895604395604395,0.554945054945055,0.3296703296703296,0.412087912087912,0.2335164835164834,0.3722527472527472,0.3296703296703296,0.8351648351648352,0.4365384615384615,Media,2,0.8733544082392088,-0.6387929448450506
42108,42108 MAJAN,9,0.5555555555555556,0.0,1.0,0.0,60.8,21,12,133.33333333333331,0.9697802197802198,0.9230769230769232,0.717032967032967,0.6785714285714286,0.554945054945055,0.7225274725274725,0.9230769230769232,0.717032967032967,0.6167582417582418,0.7225274725274725,0.9697802197802198,0.7898351648351649,Alta,1,-2.184842617915818,-1.1618736114596624
42110,42110 MATALEBRERAS,81,0.2926829268292683,10.0,1.0,0.0,44.9,125,44,54.32098765432099,0.8461538461538461,0.1758241758241758,0.2335164835164834,0.6785714285714286,0.554945054945055,0.445054945054945,0.1758241758241758,0.2335164835164834,0.6167582417582418,0.445054945054945,0.8461538461538461,0.4634615384615384,Media,2,0.4273172572361915,-0.25271198728234057
42111,42111 MATAMALA DE ALMAZAN,254,0.4296875,13.0,3.0,0.0,44.7,278,24,9.448818897637794,0.489010989010989,0.6593406593406593,0.1703296703296702,0.1895604395604395,0.554945054945055,0.4340659340659341,0.6593406593406593,0.1703296703296702,0.3722527472527472,0.4340659340659341,0.489010989010989,0.425,Baja,0,0.9305368077472235,-0.5278691346476888
42113,42113 MEDINACELI,671,0.2938530734632684,71.0,12.0,1.0,78.9,779,108,16.095380029806257,0.5604395604395604,0.1868131868131868,0.0576923076923077,0.0164835164835165,0.0961538461538461,0.9368131868131868,0.1868131868131868,0.0576923076923077,0.0563186813186813,0.9368131868131868,0.5604395604395604,0.3596153846153846,Baja,0,2.5671765497050902,-2.322489091752763
42115,42115 MIÑO DE MEDINACELI,78,0.3461538461538461,7.0,3.0,0.0,75.1,119,41,52.56410256410257,0.8296703296703297,0.3956043956043956,0.3104395604395604,0.1895604395604395,0.554945054945055,0.912087912087912,0.3956043956043956,0.3104395604395604,0.3722527472527472,0.912087912087912,0.8296703296703297,0.564010989010989,Media,0,0.39946544318198174,-1.9468918891404987
42116,42116 MIÑO DE SAN ESTEBAN,40,0.375,4.0,1.0,0.0,83.1,58,18,45.0,0.8076923076923077,0.489010989010989,0.4093406593406593,0.6785714285714286,0.554945054945055,0.956043956043956,0.489010989010989,0.4093406593406593,0.6167582417582418,0.956043956043956,0.8076923076923077,0.6557692307692309,Alta,1,-0.7328230300703165,-1.459713060525194
42117,42117 MOLINOS DE DUERO,158,0.2830188679245283,10.0,1.0,0.0,38.4,111,-47,-29.746835443037973,0.0494505494505494,0.1593406593406593,0.2335164835164834,0.6785714285714286,0.554945054945055,0.3406593406593406,0.1593406593406593,0.2335164835164834,0.6167582417582418,0.3406593406593406,0.0494505494505494,0.2799450549450549,Baja,2,1.376044603767261,1.4036238508548742
42118,42118 MOMBLONA,18,0.6666666666666666,0.0,1.0,0.0,56.1,22,4,22.22222222222222,0.6153846153846154,0.9807692307692308,0.717032967032967,0.6785714285714286,0.554945054945055,0.6593406593406593,0.9807692307692308,0.717032967032967,0.6167582417582418,0.6593406593406593,0.6153846153846154,0.7178571428571429,Alta,1,-1.8591641678207016,-0.4305254620301198
42119,42119 MONTEAGUDO DE LAS VICARIAS,177,0.3651685393258427,8.0,2.0,0.0,72.4,112,-65,-36.72316384180791,0.0329670329670329,0.467032967032967,0.2829670329670329,0.3296703296703297,0.554945054945055,0.8901098901098901,0.467032967032967,0.2829670329670329,0.4423076923076923,0.8901098901098901,0.0329670329670329,0.423076923076923,Baja,0,1.0051541820324565,-0.43278011393805976
42120,42120 MONTEJO DE TIERMES,140,0.3426573426573426,15.0,4.0,0.0,95.9,171,31,22.142857142857142,0.6098901098901099,0.3846153846153846,0.1456043956043956,0.1181318681318681,0.554945054945055,0.9945054945054944,0.3846153846153846,0.1456043956043956,0.3365384615384615,0.9945054945054944,0.6098901098901099,0.4942307692307692,Media,0,1.0948651154090372,-2.0031136176414974
42121,42121 MONTENEGRO DE CAMEROS,45,0.4888888888888889,0.0,1.0,0.0,63.4,64,19,42.22222222222222,0.8021978021978022,0.804945054945055,0.717032967032967,0.6785714285714286,0.554945054945055,0.7637362637362637,0.804945054945055,0.717032967032967,0.6167582417582418,0.7637362637362637,0.8021978021978022,0.7409340659340659,Alta,1,-1.83450937347972,-0.8853112936035191
42123,42123 MORON DE ALMAZAN,202,0.3432835820895522,10.0,2.0,0.0,49.2,149,-53,-26.23762376237624,0.0714285714285714,0.3901098901098901,0.2335164835164834,0.3296703296703297,0.554945054945055,0.5274725274725275,0.3901098901098901,0.2335164835164834,0.4423076923076923,0.5274725274725275,0.0714285714285714,0.332967032967033,Baja,2,1.40777187813605,0.3805023499657069
42124,42124 MURIEL DE LA FUENTE,55,0.4444444444444444,0.0,1.0,0.0,36.6,66,11,20.0,0.5879120879120879,0.695054945054945,0.717032967032967,0.6785714285714286,0.554945054945055,0.3076923076923077,0.695054945054945,0.717032967032967,0.6167582417582418,0.3076923076923077,0.5879120879120879,0.5848901098901099,Media,1,-1.1644093942721916,0.6708555289362302
42125,42125 MURIEL VIEJO,75,0.3066666666666666,0.0,1.0,0.0,40.4,68,-7,-9.333333333333334,0.2087912087912088,0.2362637362637362,0.717032967032967,0.6785714285714286,0.554945054945055,0.3626373626373626,0.2362637362637362,0.717032967032967,0.6167582417582418,0.3626373626373626,0.2087912087912088,0.4282967032967033,Baja,2,-0.038261160804574715,1.5246539675717843
42127,42127 NAFRIA DE UCERO,36,0.4166666666666667,0.0,3.0,0.0,69.7,42,6,16.666666666666664,0.5686813186813187,0.6043956043956044,0.717032967032967,0.1895604395604395,0.554945054945055,0.8296703296703297,0.6043956043956044,0.717032967032967,0.3722527472527472,0.8296703296703297,0.5686813186813187,0.6184065934065934,Alta,1,-0.5394679000301134,-1.0126717807241057
42128,42128 NARROS,71,0.3098591549295774,4.0,1.0,0.0,23.9,62,-9,-12.676056338028168,0.1703296703296703,0.2582417582417582,0.4093406593406593,0.6785714285714286,0.554945054945055,0.1208791208791208,0.2582417582417582,0.4093406593406593,0.6167582417582418,0.1208791208791208,0.1703296703296703,0.3151098901098901,Baja,2,0.807596336453048,1.8389471945709956
42129,42129 NAVALENO,732,0.2888283378746594,56.0,2.0,2.0,47.1,819,87,11.885245901639344,0.521978021978022,0.1703296703296703,0.0769230769230768,0.3296703296703297,0.0686813186813186,0.4835164835164835,0.1703296703296703,0.0769230769230768,0.1991758241758242,0.4835164835164835,0.521978021978022,0.2903846153846154,Baja,0,2.409306446413204,-0.8236650644920848
42130,42130 NEPAS,50,0.52,0.0,1.0,0.0,52.2,48,-2,-4.0,0.2802197802197802,0.8681318681318682,0.717032967032967,0.6785714285714286,0.554945054945055,0.5604395604395604,0.8681318681318682,0.717032967032967,0.6167582417582418,0.5604395604395604,0.2802197802197802,0.6085164835164836,Alta,1,-1.2567081450117377,0.47414114262719387
42131,42131 NOLAY,48,0.5833333333333334,0.0,1.0,0.0,39.2,34,-14,-29.166666666666668,0.0604395604395604,0.9395604395604396,0.717032967032967,0.6785714285714286,0.554945054945055,0.3516483516483517,0.9395604395604396,0.717032967032967,0.6167582417582418,0.3516483516483517,0.0604395604395604,0.5370879120879121,Media,1,-1.0163786072166914,1.3130900358252533
42132,42132 NOVIERCAS,172,0.3515151515151515,10.0,2.0,0.0,46.6,114,-58,-33.72093023255814,0.0439560439560439,0.4175824175824176,0.2335164835164834,0.3296703296703297,0.554945054945055,0.4752747252747252,0.4175824175824176,0.2335164835164834,0.4423076923076923,0.4752747252747252,0.0439560439560439,0.3225274725274725,Baja,2,1.4224569242306806,0.5354418449601647
42134,42134 OLVEGA,3838,0.1934134866701516,187.0,2.0,4.0,50.1,3446,-392,-10.213652944241792,0.1923076923076923,0.0604395604395604,0.0164835164835165,0.3296703296703297,0.0137362637362636,0.5439560439560439,0.0604395604395604,0.0164835164835165,0.1717032967032967,0.5439560439560439,0.1923076923076923,0.196978021978022,Baja,0,3.1334157698624545,-0.4378295283110799
42135,42135 ONCALA,61,0.4918032786885246,0.0,4.0,0.0,32.3,120,59,96.72131147540983,0.9230769230769232,0.8186813186813187,0.717032967032967,0.1181318681318681,0.554945054945055,0.2527472527472527,0.8186813186813187,0.717032967032967,0.3365384615384615,0.2527472527472527,0.9230769230769232,0.6096153846153847,Alta,1,-0.8340968998312881,-0.46226327056642486
42139,42139 PINILLA DEL CAMPO,18,0.6111111111111112,0.0,1.0,0.0,44.6,29,11,61.11111111111112,0.8626373626373627,0.9615384615384616,0.717032967032967,0.6785714285714286,0.554945054945055,0.4258241758241758,0.9615384615384616,0.717032967032967,0.6167582417582418,0.4258241758241758,0.8626373626373627,0.7167582417582418,Alta,1,-1.9628239132530323,-0.28356965835930587
42140,42140 PORTILLO DE SORIA,12,0.4166666666666667,0.0,0.0,0.0,41.6,28,16,133.33333333333331,0.9697802197802198,0.6043956043956044,0.717032967032967,0.9615384615384616,0.554945054945055,0.3901098901098901,0.6043956043956044,0.717032967032967,0.7582417582417582,0.3901098901098901,0.9697802197802198,0.6879120879120879,Alta,1,-1.9129309884173697,0.16774272415745164
42141,42141 POVEDA DE SORIA (LA),110,0.3577981651376147,4.0,3.0,0.0,31.5,92,-18,-16.363636363636363,0.1318681318681318,0.4505494505494505,0.4093406593406593,0.1895604395604395,0.554945054945055,0.2307692307692307,0.4505494505494505,0.4093406593406593,0.3722527472527472,0.2307692307692307,0.1318681318681318,0.318956043956044,Baja,2,1.2268997957687497,0.9865645088530329
42142,42142 POZALMURO,46,0.3260869565217391,0.0,1.0,0.0,40.7,36,-10,-21.73913043478261,0.1043956043956044,0.3131868131868132,0.717032967032967,0.6785714285714286,0.554945054945055,0.3736263736263736,0.3131868131868132,0.717032967032967,0.6167582417582418,0.3736263736263736,0.1043956043956044,0.425,Baja,2,-0.056714079515187296,1.6260435654605363
42144,42144 QUINTANA REDONDA,512,0.324853228962818,20.0,9.0,1.0,22.4,292,-220,-42.96875,0.0219780219780219,0.3076923076923077,0.1208791208791209,0.0247252747252747,0.0961538461538461,0.0934065934065934,0.3076923076923077,0.1208791208791209,0.0604395604395604,0.0934065934065934,0.0219780219780219,0.1208791208791209,Baja,2,3.2757391401057516,0.6496348271018956
42145,42145 QUINTANAS DE GORMAZ,127,0.328125,6.0,1.0,0.0,61.0,120,-7,-5.511811023622047,0.2692307692307692,0.3269230769230769,0.3324175824175824,0.6785714285714286,0.554945054945055,0.7362637362637363,0.3269230769230769,0.3324175824175824,0.6167582417582418,0.7362637362637363,0.2692307692307692,0.4563186813186813,Media,0,0.41459104099201466,0.04709090417256748
42148,42148 QUIÑONERIA,10,0.3,0.0,1.0,0.0,54.5,17,7,70.0,0.8901098901098901,0.2225274725274725,0.717032967032967,0.6785714285714286,0.554945054945055,0.6263736263736264,0.2225274725274725,0.717032967032967,0.6167582417582418,0.6263736263736264,0.8901098901098901,0.6145604395604395,Alta,1,-0.903431738340342,-0.29447951212605683
42149,42149 RABANOS (LOS),476,0.29375,25.0,5.0,0.0,8.1,488,12,2.5210084033613445,0.3571428571428571,0.1813186813186813,0.1043956043956043,0.0714285714285714,0.554945054945055,0.0109890109890109,0.1813186813186813,0.1043956043956043,0.3131868131868132,0.0109890109890109,0.3571428571428571,0.1934065934065933,Baja,2,2.424501466845665,0.8706627111347286
42151,42151 REBOLLAR,36,0.25,0.0,1.0,0.0,22.8,32,-4,-11.11111111111111,0.1813186813186813,0.1208791208791208,0.717032967032967,0.6785714285714286,0.554945054945055,0.0989010989010989,0.1208791208791208,0.717032967032967,0.6167582417582418,0.0989010989010989,0.1813186813186813,0.346978021978022,Baja,2,0.32922832336172375,2.292748384212166
42152,42152 RECUERDA,62,0.296875,4.0,4.0,0.0,64.1,116,54,87.09677419354838,0.912087912087912,0.2087912087912088,0.4093406593406593,0.1181318681318681,0.554945054945055,0.7802197802197802,0.2087912087912088,0.4093406593406593,0.3365384615384615,0.7802197802197802,0.912087912087912,0.5293956043956044,Media,0,0.5735044415985092,-1.6114123149692763
42153,42153 RELLO,20,0.4210526315789473,0.0,1.0,0.0,75.7,43,23,115.0,0.945054945054945,0.6153846153846154,0.717032967032967,0.6785714285714286,0.554945054945055,0.9175824175824177,0.6153846153846154,0.717032967032967,0.6167582417582418,0.9175824175824177,0.945054945054945,0.7623626373626374,Alta,1,-1.7680083082495284,-1.3733049798971873
42154,42154 RENIEBLAS,110,0.3,0.0,2.0,0.0,15.4,93,-17,-15.454545454545451,0.1373626373626373,0.2225274725274725,0.717032967032967,0.3296703296703297,0.554945054945055,0.0549450549450549,0.2225274725274725,0.717032967032967,0.4423076923076923,0.0549450549450549,0.1373626373626373,0.3148351648351648,Baja,2,0.7737113257455197,2.0348200397023186
42155,42155 RETORTILLO DE SORIA,130,0.5801526717557252,5.0,8.0,0.0,77.2,171,41,31.538461538461537,0.7197802197802198,0.934065934065934,0.3626373626373627,0.0357142857142857,0.554945054945055,0.9230769230769232,0.934065934065934,0.3626373626373627,0.2953296703296703,0.9230769230769232,0.7197802197802198,0.6469780219780221,Alta,0,-0.24665780043439997,-2.2703799005459975
42156,42156 REZNOS,22,0.3181818181818182,0.0,1.0,0.0,52.5,42,20,90.9090909090909,0.9175824175824177,0.2857142857142857,0.717032967032967,0.6785714285714286,0.554945054945055,0.5714285714285714,0.2857142857142857,0.717032967032967,0.6167582417582418,0.5714285714285714,0.9175824175824177,0.6217032967032966,Alta,1,-1.0048153340575927,-0.2541412451582685
42157,42157 RIBA DE ESCALOTE (LA),8,0.4444444444444444,0.0,1.0,0.0,71.1,37,29,362.5,1.0,0.695054945054945,0.717032967032967,0.6785714285714286,0.554945054945055,0.8571428571428571,0.695054945054945,0.717032967032967,0.6167582417582418,0.8571428571428571,1.0,0.7771978021978022,Alta,1,-1.922847780242198,-1.3793193818363476
42158,42158 RIOSECO DE SORIA,123,0.3385826771653543,8.0,2.0,0.0,37.8,110,-13,-10.569105691056912,0.1868131868131868,0.3736263736263736,0.2829670329670329,0.3296703296703297,0.554945054945055,0.3214285714285714,0.3736263736263736,0.2829670329670329,0.4423076923076923,0.3214285714285714,0.1868131868131868,0.3214285714285714,Baja,2,1.3138769050819266,0.7412499086179588
42159,42159 ROLLAMIENTA,44,0.4468085106382978,0.0,1.0,0.0,25.3,40,-4,-9.090909090909092,0.2142857142857142,0.7032967032967034,0.717032967032967,0.6785714285714286,0.554945054945055,0.1483516483516483,0.7032967032967034,0.717032967032967,0.6167582417582418,0.1483516483516483,0.2142857142857142,0.479945054945055,Media,1,-0.6827539617352215,1.703558681573711
42160,42160 ROYO (EL),251,0.3849206349206349,22.0,2.0,0.0,23.9,269,18,7.171314741035857,0.4505494505494505,0.521978021978022,0.1153846153846154,0.3296703296703297,0.554945054945055,0.1208791208791208,0.521978021978022,0.1153846153846154,0.4423076923076923,0.1208791208791208,0.4505494505494505,0.3302197802197802,Baja,2,1.2834681772568006,0.48535361507884095
42161,42161 SALDUERO,145,0.3918918918918919,13.0,1.0,0.0,39.5,182,37,25.517241379310345,0.6483516483516484,0.5274725274725275,0.1703296703296702,0.6785714285714286,0.554945054945055,0.3571428571428571,0.5274725274725275,0.1703296703296702,0.6167582417582418,0.3571428571428571,0.6483516483516484,0.464010989010989,Media,2,0.26322882684565097,-0.009231294933715786
42162,42162 SAN ESTEBAN DE GORMAZ,2935,0.2730363821829309,179.0,18.0,4.0,69.3,2715,-220,-7.495741056218058,0.2417582417582417,0.1483516483516483,0.0274725274725274,0.0,0.0137362637362636,0.8241758241758241,0.1483516483516483,0.0274725274725274,0.0068681318681318,0.8241758241758241,0.2417582417582417,0.2497252747252747,Baja,0,3.260171479340479,-1.6021822769946767
42163,42163 SAN FELICES,59,0.2372881355932203,0.0,1.0,0.0,58.2,64,5,8.47457627118644,0.4725274725274725,0.1098901098901098,0.717032967032967,0.6785714285714286,0.554945054945055,0.6978021978021978,0.1098901098901098,0.717032967032967,0.6167582417582418,0.6978021978021978,0.4725274725274725,0.5228021978021978,Media,1,-0.30855497450521513,0.3418170154369376
42164,42164 SAN LEONARDO DE YAGÜE,1949,0.2697435897435897,112.0,1.0,3.0,52.4,1791,-158,-8.106721395587481,0.2307692307692307,0.1428571428571428,0.0329670329670329,0.6785714285714286,0.0384615384615384,0.5659340659340659,0.1428571428571428,0.0329670329670329,0.3585164835164835,0.5659340659340659,0.2307692307692307,0.2662087912087912,Baja,0,2.331988999283746,-0.2038081570373341
42165,42165 SAN PEDRO MANRIQUE,619,0.2164781906300484,27.0,3.0,2.0,42.1,524,-95,-15.347334410339256,0.1428571428571428,0.0714285714285714,0.0989010989010988,0.1895604395604395,0.0686813186813186,0.3956043956043956,0.0714285714285714,0.0989010989010988,0.1291208791208791,0.3956043956043956,0.1428571428571428,0.1675824175824175,Baja,0,3.196362719709562,-0.00375798616944199
42166,42166 SANTA CRUZ DE YANGUAS,56,0.3928571428571428,5.0,2.0,0.0,49.5,74,18,32.142857142857146,0.7362637362637363,0.5439560439560439,0.3626373626373627,0.3296703296703297,0.554945054945055,0.532967032967033,0.5439560439560439,0.3626373626373627,0.4423076923076923,0.532967032967033,0.7362637362637363,0.5236263736263737,Media,1,0.13955898200135447,-0.7677477153983635
42167,42167 SANTA MARIA DE HUERTA,242,0.4375,10.0,1.0,0.0,88.1,157,-85,-35.12396694214876,0.0384615384615384,0.6813186813186813,0.2335164835164834,0.6785714285714286,0.554945054945055,0.978021978021978,0.6813186813186813,0.2335164835164834,0.6167582417582418,0.978021978021978,0.0384615384615384,0.5096153846153846,Media,0,0.17589989098297126,-0.48934798106772875
42168,42168 SANTA MARIA DE LAS HOYAS,113,0.4690265486725664,4.0,1.0,0.0,62.6,126,13,11.50442477876106,0.510989010989011,0.7362637362637363,0.4093406593406593,0.6785714285714286,0.554945054945055,0.7472527472527473,0.7362637362637363,0.4093406593406593,0.6167582417582418,0.7472527472527473,0.510989010989011,0.6041208791208791,Alta,1,-0.6954564344313894,-0.61070918540601
42171,42171 SERON DE NAGIMA,122,0.416,12.0,2.0,0.0,54.0,188,66,54.09836065573771,0.8406593406593407,0.5934065934065934,0.184065934065934,0.3296703296703297,0.554945054945055,0.6098901098901099,0.5934065934065934,0.184065934065934,0.4423076923076923,0.6098901098901099,0.8406593406593407,0.5340659340659342,Media,0,0.3100611530914876,-1.3585925399423266
42172,42172 SOLIEDRA,33,0.4545454545454545,0.0,2.0,0.0,53.7,45,12,36.36363636363637,0.7692307692307693,0.7197802197802198,0.717032967032967,0.3296703296703297,0.554945054945055,0.6043956043956044,0.7197802197802198,0.717032967032967,0.4423076923076923,0.6043956043956044,0.7692307692307693,0.6505494505494506,Alta,1,-1.0322086112417648,-0.7509851334450625
42174,42174 SOTILLO DEL RINCON,175,0.3163841807909605,13.0,2.0,0.0,31.9,188,13,7.428571428571429,0.456043956043956,0.2802197802197802,0.1703296703296702,0.3296703296703297,0.554945054945055,0.2417582417582417,0.2802197802197802,0.1703296703296702,0.4423076923076923,0.2417582417582417,0.456043956043956,0.3181318681318681,Baja,2,1.4769394691970543,0.41169157860117944
42175,42175 SUELLACABRAS,33,0.1818181818181818,0.0,1.0,0.0,30.4,45,12,36.36363636363637,0.7692307692307693,0.0302197802197802,0.717032967032967,0.6785714285714286,0.554945054945055,0.2197802197802197,0.0302197802197802,0.717032967032967,0.6167582417582418,0.2197802197802197,0.7692307692307693,0.4706043956043956,Media,2,-0.2283880566297521,1.037059824149899
42176,42176 TAJAHUERCE,23,0.4782608695652174,0.0,1.0,0.0,41.2,41,18,78.26086956521739,0.8956043956043956,0.7692307692307693,0.717032967032967,0.6785714285714286,0.554945054945055,0.3846153846153846,0.7692307692307693,0.717032967032967,0.6167582417582418,0.3846153846153846,0.8956043956043956,0.6766483516483517,Alta,1,-1.662014594426708,-0.10540570500885821
42177,42177 TAJUECO,57,0.4736842105263157,0.0,2.0,0.0,47.9,93,36,63.1578947368421,0.8681318681318682,0.75,0.717032967032967,0.3296703296703297,0.554945054945055,0.5,0.75,0.717032967032967,0.4423076923076923,0.5,0.8681318681318682,0.6554945054945056,Alta,1,-1.1291481802168886,-0.6924093352473311
42178,42178 TALVEILA,101,0.5384615384615384,0.0,1.0,0.0,48.0,86,-15,-14.85148514851485,0.1538461538461538,0.9065934065934066,0.717032967032967,0.6785714285714286,0.554945054945055,0.5054945054945055,0.9065934065934066,0.717032967032967,0.6167582417582418,0.5054945054945055,0.1538461538461538,0.5799450549450549,Media,1,-1.1512758626017534,0.8007530056137351
42181,42181 TARDELCUENDE,424,0.4033018867924528,14.0,3.0,0.0,28.2,436,12,2.8301886792452837,0.3956043956043956,0.5769230769230769,0.1565934065934066,0.1895604395604395,0.554945054945055,0.1868131868131868,0.5769230769230769,0.1565934065934066,0.3722527472527472,0.1868131868131868,0.3956043956043956,0.3376373626373626,Baja,2,1.3377365322054189,0.2777964131710719
42182,42182 TARODA,46,0.4680851063829787,0.0,1.0,0.0,55.0,39,-7,-15.217391304347828,0.1483516483516483,0.7307692307692307,0.717032967032967,0.6785714285714286,0.554945054945055,0.6373626373626373,0.7307692307692307,0.717032967032967,0.6167582417582418,0.6373626373626373,0.1483516483516483,0.570054945054945,Media,1,-0.9340320117101611,0.6154423664951897
42183,42183 TEJADO,96,0.5257731958762887,5.0,1.0,0.0,44.3,104,8,8.333333333333332,0.467032967032967,0.8846153846153846,0.3626373626373627,0.6785714285714286,0.554945054945055,0.412087912087912,0.8846153846153846,0.3626373626373627,0.6167582417582418,0.412087912087912,0.467032967032967,0.5486263736263737,Media,1,-0.5922467627630297,0.12362796416290209
42184,42184 TORLENGUA,45,0.4888888888888889,0.0,1.0,0.0,60.8,51,6,13.333333333333334,0.5384615384615384,0.804945054945055,0.717032967032967,0.6785714285714286,0.554945054945055,0.7225274725274725,0.804945054945055,0.717032967032967,0.6167582417582418,0.7225274725274725,0.5384615384615384,0.679945054945055,Alta,1,-1.5255515886840707,-0.3247657398768964
42185,42185 TORREBLACOS,26,0.7692307692307693,0.0,1.0,0.0,37.8,25,-1,-3.8461538461538463,0.2857142857142857,1.0,0.717032967032967,0.6785714285714286,0.554945054945055,0.3214285714285714,1.0,0.717032967032967,0.6167582417582418,0.3214285714285714,0.2857142857142857,0.5881868131868132,Media,1,-1.3414947326826352,0.9499267552163693
42187,42187 TORRUBIA DE SORIA,56,0.375,0.0,1.0,0.0,43.3,44,-12,-21.428571428571427,0.1098901098901098,0.489010989010989,0.717032967032967,0.6785714285714286,0.554945054945055,0.4038461538461538,0.489010989010989,0.717032967032967,0.6167582417582418,0.4038461538461538,0.1098901098901098,0.4673076923076923,Media,1,-0.3660829228960194,1.4189434350135794
42188,42188 TREVAGO,47,0.3829787234042553,0.0,1.0,0.0,53.0,50,3,6.382978723404255,0.4285714285714285,0.5054945054945055,0.717032967032967,0.6785714285714286,0.554945054945055,0.5934065934065934,0.5054945054945055,0.717032967032967,0.6167582417582418,0.5934065934065934,0.4285714285714285,0.5722527472527472,Media,1,-0.8456806065267987,0.3915896053093821
42189,42189 UCERO,91,0.2340425531914893,8.0,1.0,0.0,72.1,114,23,25.274725274725277,0.6428571428571429,0.0934065934065934,0.2829670329670329,0.6785714285714286,0.554945054945055,0.8846153846153846,0.0934065934065934,0.2829670329670329,0.6167582417582418,0.8846153846153846,0.6428571428571429,0.5041208791208791,Media,0,0.41884825737351083,-0.8515533124595568
42190,42190 VADILLO,83,0.4404761904761904,0.0,1.0,0.0,52.0,67,-16,-19.27710843373494,0.1153846153846153,0.6868131868131868,0.717032967032967,0.6785714285714286,0.554945054945055,0.554945054945055,0.6868131868131868,0.717032967032967,0.6167582417582418,0.554945054945055,0.1153846153846153,0.5381868131868133,Media,1,-0.7799356913784935,0.9036555830117345
42191,42191 VALDEAVELLANO DE TERA,218,0.3515981735159817,29.0,2.0,0.0,29.7,562,344,157.7981651376147,0.9835164835164836,0.4230769230769231,0.0934065934065934,0.3296703296703297,0.554945054945055,0.2087912087912088,0.4230769230769231,0.0934065934065934,0.4423076923076923,0.2087912087912088,0.9835164835164836,0.4302197802197802,Baja,2,0.8676785313782376,-0.6117449086118607
42192,42192 VALDEGEÑA,37,0.3783783783783784,0.0,1.0,0.0,35.3,38,1,2.702702702702702,0.3791208791208791,0.5,0.717032967032967,0.6785714285714286,0.554945054945055,0.2802197802197802,0.5,0.717032967032967,0.6167582417582418,0.2802197802197802,0.3791208791208791,0.4986263736263736,Media,1,-0.6051932154324456,1.2400888944090287
42193,42193 VALDELAGUA DEL CERRO,13,0.3076923076923077,0.0,1.0,0.0,55.4,17,4,30.76923076923077,0.7142857142857143,0.2472527472527472,0.717032967032967,0.6785714285714286,0.554945054945055,0.6483516483516484,0.2472527472527472,0.717032967032967,0.6167582417582418,0.6483516483516484,0.7142857142857143,0.5887362637362638,Alta,1,-0.7658189202033059,-0.05798621828953464
42194,42194 VALDEMALUQUE,137,0.4890510948905109,10.0,6.0,0.0,66.8,174,37,27.00729927007299,0.6758241758241759,0.8131868131868132,0.2335164835164834,0.0521978021978022,0.554945054945055,0.8021978021978022,0.8131868131868132,0.2335164835164834,0.3035714285714286,0.8021978021978022,0.6758241758241759,0.5656593406593406,Media,0,0.33587627044932006,-1.9334080843233383
42195,42195 VALDENEBRO,94,0.4105263157894737,0.0,2.0,0.0,54.4,119,25,26.595744680851062,0.6593406593406593,0.5879120879120879,0.717032967032967,0.3296703296703297,0.554945054945055,0.6208791208791209,0.5879120879120879,0.717032967032967,0.4423076923076923,0.6208791208791209,0.6593406593406593,0.6054945054945055,Alta,1,-0.7079206024216241,-0.505645192195237
42196,42196 VALDEPRADO,8,0.375,0.0,0.0,0.0,54.8,18,10,125.0,0.9615384615384616,0.489010989010989,0.717032967032967,0.9615384615384616,0.554945054945055,0.6318681318681318,0.489010989010989,0.717032967032967,0.7582417582417582,0.6318681318681318,0.9615384615384616,0.7115384615384615,Alta,1,-1.8535669117791742,-0.32155092708524624
42197,42197 VALDERRODILLA,62,0.4838709677419355,0.0,2.0,0.0,43.3,79,17,27.41935483870968,0.6813186813186813,0.7802197802197802,0.717032967032967,0.3296703296703297,0.554945054945055,0.4038461538461538,0.7802197802197802,0.717032967032967,0.4423076923076923,0.4038461538461538,0.6813186813186813,0.6049450549450549,Alta,1,-0.9214412129303617,-0.15460818120399436
42198,42198 VALTAJEROS,19,0.3157894736842105,0.0,0.0,0.0,37.7,38,19,100.0,0.9285714285714286,0.2719780219780219,0.717032967032967,0.9615384615384616,0.554945054945055,0.3131868131868132,0.2719780219780219,0.717032967032967,0.7582417582417582,0.3131868131868132,0.9285714285714286,0.5978021978021978,Alta,1,-1.2834149447203325,0.6610472835944573
42200,42200 VELAMAZAN,67,0.4776119402985074,0.0,2.0,0.0,56.5,49,-18,-26.86567164179105,0.0659340659340659,0.7637362637362637,0.717032967032967,0.3296703296703297,0.554945054945055,0.6730769230769231,0.7637362637362637,0.717032967032967,0.4423076923076923,0.6730769230769231,0.0659340659340659,0.5324175824175825,Media,1,-0.38137590265801957,0.2804012565467752
42201,42201 VELILLA DE LA SIERRA,27,0.5185185185185185,0.0,0.0,0.0,12.8,22,-5,-18.51851851851852,0.1208791208791208,0.8571428571428571,0.717032967032967,0.9615384615384616,0.554945054945055,0.0219780219780219,0.8571428571428571,0.717032967032967,0.7582417582417582,0.0219780219780219,0.1208791208791208,0.4950549450549449,Media,1,-1.1961046064363963,2.3633790807886768
42202,42202 VELILLA DE LOS AJOS,15,0.6666666666666666,0.0,1.0,0.0,65.6,25,10,66.66666666666666,0.8763736263736264,0.9807692307692308,0.717032967032967,0.6785714285714286,0.554945054945055,0.7912087912087912,0.9807692307692308,0.717032967032967,0.6167582417582418,0.7912087912087912,0.8763736263736264,0.7964285714285715,Alta,1,-2.2166751556160524,-1.2057552127654159
42204,42204 VIANA DE DUERO,49,0.3265306122448979,0.0,0.0,0.0,47.5,16,-33,-67.3469387755102,0.0054945054945054,0.3186813186813186,0.717032967032967,0.9615384615384616,0.554945054945055,0.489010989010989,0.3186813186813186,0.717032967032967,0.7582417582417582,0.489010989010989,0.0054945054945054,0.4576923076923077,Media,1,-0.4600041714418453,1.8150841235028812
42205,42205 VILLACIERVOS,86,0.4883720930232558,4.0,2.0,0.0,13.2,84,-2,-2.3255813953488373,0.3076923076923077,0.7967032967032966,0.4093406593406593,0.3296703296703297,0.554945054945055,0.0329670329670329,0.7967032967032966,0.4093406593406593,0.4423076923076923,0.0329670329670329,0.3076923076923077,0.3978021978021978,Baja,2,0.36961801644069886,1.061743771211788
42206,42206 VILLANUEVA DE GORMAZ,8,0.625,0.0,1.0,0.0,70.7,20,12,150.0,0.978021978021978,0.967032967032967,0.717032967032967,0.6785714285714286,0.554945054945055,0.8461538461538461,0.967032967032967,0.717032967032967,0.6167582417582418,0.8461538461538461,0.978021978021978,0.825,Alta,1,-2.3355915299572416,-1.5066541431310143
42207,42207 VILLAR DEL ALA,50,0.22,4.0,1.0,0.0,28.9,51,1,2.0,0.3406593406593406,0.0769230769230769,0.4093406593406593,0.6785714285714286,0.554945054945055,0.1978021978021978,0.0769230769230769,0.4093406593406593,0.6167582417582418,0.1978021978021978,0.3406593406593406,0.3282967032967033,Baja,2,0.8746566825522547,1.4833560198835003
42208,42208 VILLAR DEL CAMPO,30,0.4,0.0,1.0,0.0,34.5,29,-1,-3.333333333333333,0.2967032967032967,0.5659340659340659,0.717032967032967,0.6785714285714286,0.554945054945055,0.2719780219780219,0.5659340659340659,0.717032967032967,0.6167582417582418,0.2719780219780219,0.2967032967032967,0.4936813186813186,Media,1,-0.6186204612301862,1.3574085611992663
42209,42209 VILLAR DEL RIO,156,0.3924050632911392,7.0,3.0,0.0,44.8,153,-3,-1.9230769230769231,0.3186813186813186,0.5384615384615384,0.3104395604395604,0.1895604395604395,0.554945054945055,0.4395604395604395,0.5384615384615384,0.3104395604395604,0.3722527472527472,0.4395604395604395,0.3186813186813186,0.3958791208791209,Baja,2,0.9886860442637867,-0.011178891435788731
42211,42211 VILLARES DE SORIA (LOS),75,0.3376623376623376,7.0,2.0,0.0,22.3,77,2,2.666666666666667,0.3708791208791209,0.3626373626373626,0.3104395604395604,0.3296703296703297,0.554945054945055,0.0879120879120879,0.3626373626373626,0.3104395604395604,0.4423076923076923,0.0879120879120879,0.3708791208791209,0.3148351648351648,Baja,2,1.2024778642430527,1.0215807688085439
42212,42212 VILLASAYAS,60,0.3833333333333333,0.0,2.0,0.0,55.2,55,-5,-8.333333333333332,0.2252747252747252,0.510989010989011,0.717032967032967,0.3296703296703297,0.554945054945055,0.6428571428571429,0.510989010989011,0.717032967032967,0.4423076923076923,0.6428571428571429,0.2252747252747252,0.5076923076923078,Media,1,-0.12523527655865982,0.2539122286717719
42213,42213 VILLASECA DE ARCIEL,24,0.5416666666666666,0.0,1.0,0.0,45.0,28,4,16.666666666666664,0.5686813186813187,0.912087912087912,0.717032967032967,0.6785714285714286,0.554945054945055,0.4505494505494505,0.912087912087912,0.717032967032967,0.6167582417582418,0.4505494505494505,0.5686813186813187,0.6530219780219781,Alta,1,-1.5781167978157817,0.2051193000029646
42215,42215 VINUESA,833,0.2953181272509003,77.0,1.0,3.0,33.0,909,76,9.123649459783914,0.4835164835164835,0.1978021978021978,0.0494505494505495,0.6785714285714286,0.0384615384615384,0.2582417582417582,0.1978021978021978,0.0494505494505495,0.3585164835164835,0.2582417582417582,0.4835164835164835,0.2695054945054945,Baja,2,2.10614137200596,0.07795519900471991
42216,42216 VIZMANOS,30,0.4,0.0,1.0,0.0,40.5,32,2,6.666666666666667,0.4340659340659341,0.5659340659340659,0.717032967032967,0.6785714285714286,0.554945054945055,0.3681318681318681,0.5659340659340659,0.717032967032967,0.6167582417582418,0.3681318681318681,0.4340659340659341,0.5403846153846154,Media,1,-0.8219876391157942,0.8846328740418689
42217,42217 VOZMEDIANO,33,0.3636363636363636,0.0,1.0,0.0,65.8,52,19,57.57575757575758,0.8571428571428571,0.4615384615384615,0.717032967032967,0.6785714285714286,0.554945054945055,0.7967032967032966,0.4615384615384615,0.717032967032967,0.6167582417582418,0.7967032967032966,0.8571428571428571,0.6898351648351648,Alta,1,-1.353662412401728,-0.8182694791230837
42218,42218 YANGUAS,106,0.2358490566037736,10.0,1.0,0.0,48.3,120,14,13.20754716981132,0.5274725274725275,0.1043956043956044,0.2335164835164834,0.6785714285714286,0.554945054945055,0.510989010989011,0.1043956043956044,0.2335164835164834,0.6167582417582418,0.510989010989011,0.5274725274725275,0.3986263736263736,Baja,2,0.8511523218360625,0.1949520578040418
42219,42219 YELO,37,0.4864864864864865,0.0,1.0,0.0,74.0,62,25,67.56756756756756,0.8846153846153846,0.7857142857142857,0.717032967032967,0.6785714285714286,0.554945054945055,0.903846153846154,0.7857142857142857,0.717032967032967,0.6167582417582418,0.903846153846154,0.8846153846153846,0.7815934065934066,Alta,1,-1.9720649234677066,-1.354908004032972
